resource_code,name,type,category,unit,price_avg,price_min,price_max,price_median,price_variants,currency,avg_cost_per_use,avg_qty_per_use,usage_count,used_in_work_items,parent_category,parent_collection,parent_department,parent_section
003,技工,Labor,Labor,小时,128.1,128.1,128.1,128.1,1,CNY,343.5,2.6815,968,898,Building works,详细工程报价（ΓΓΔΕ）,建筑工程,第21章 建筑工程
002,熟练工,Labor,Labor,小时,108.62,108.62,108.62,108.62,1,CNY,342.26,3.1509,496,448,Building works,详细工程报价（ΓΓΔΕ）,建筑工程,建筑工程 - 第11章
001,无技能工人,Labor,Labor,小时,98.77,98.77,98.77,98.77,1,CNY,214.54,2.1722,341,327,Building works,详细工程报价（ΓΓΔΕ）,建筑工程,建筑工程 - 第11章
211,本土橡木木材,Material,General,,115.22,7.92,4836.59,7.92,2,CNY,818.62,100.6957,270,175,Building works,详细工程报价（ΓΓΔΕ）,建筑工程,建筑工程 - 第55章
251,普通钢筋（钢筋）,Material,General,kg,222.71,3.61,1870.15,5.98,3,CNY,46.13,2.0911,129,128,Building works,详细工程报价（ΓΓΔΕ）,建筑工程,第14章 建筑工程
021,水,Material,General,m3,17.22,17.22,17.22,17.22,1,CNY,3.9,0.2267,103,103,Building works,详细工程报价（ΓΓΔΕ）,建筑工程,第14章 建筑工程
221,普通水泥（希腊型）按纸袋价值计量 Kg,Material,General,kg,0.64,0.64,0.64,0.64,1,CNY,143.91,223.3854,96,55,Road works,详细工程报价（ΓΓΔΕ）,道路工程,道路工程 - 第25章
1445,ΟΙΚ 1445,Abstract Material,General,,379.72,379.72,379.72,379.72,1,CNY,6.65,0.0175,88,88,Building works,详细工程报价（ΓΓΔΕ）,建筑工程,建筑工程 - 第42章
214,矿物油,Material,General,kg,26.25,12.09,29.34,29.34,2,CNY,168.8,5.7679,78,75,Hydraulic works,详细工程报价（ΓΓΔΕ）,水利工程,液压工程 - 第50章
026,普通水泥,Material,General,kg,0.64,0.64,0.64,0.64,1,CNY,145.03,225.1173,75,75,Building works,详细工程报价（ΓΓΔΕ）,建筑工程,第14章 建筑工程
201,刨花木材（用于脚手架、屋顶等）国内进口,Material,General,,1870.15,1870.15,1870.15,1870.15,1,CNY,174.84,0.0935,75,75,Building works,详细工程报价（ΓΓΔΕ）,建筑工程,第23章 建筑工程
203.2,"白色锯材，来自中欧 335,00 m3 。4 本土云杉锯材",Material,General,,2386.05,2386.05,2386.05,2386.05,1,CNY,222.41,0.0932,73,67,Building works,详细工程报价（ΓΓΔΕ）,建筑工程,建筑工程 - 第52章
205,瑞典原产锯材A',Material,General,,3095.42,3095.42,3095.42,3095.42,1,CNY,128.97,0.0417,69,59,Building works,详细工程报价（ΓΓΔΕ）,建筑工程,建筑工程 - 第54章
116,"沥青摊铺机（Finishers） 18.1 Barber Green 230，最大宽度 8,00 m，功率 18.2 Barber Green 250，最大宽度 8,00 m",Equipment,General,HΜ,130.79,128.1,149.29,128.1,2,CNY,687.35,5.1977,63,55,Road works,详细工程报价（ΓΓΔΕ）,道路工程,道路工程 - 第12章
081,"矿用石材 m3 11,01 人工石材",Material,General,,57.69,57.69,57.69,57.69,1,CNY,25.36,0.4397,58,58,Building works,详细工程报价（ΓΓΔΕ）,建筑工程,建筑工程 - 第34章
1444,ΟΙΚ 1444,Abstract Material,General,,471.52,471.52,471.52,471.52,1,CNY,1.41,0.003,56,56,Building works,详细工程报价（ΓΓΔΕ）,建筑工程,第71章 建筑工程
213,30%的Ζελατοδυναμίτιδα,Material,General,kg,18.6,12.09,29.34,12.09,2,CNY,81.98,2.9575,53,47,Road works,详细工程报价（ΓΓΔΕ）,道路工程,道路工程 - 第11章
1407,ΟΙΚ 1407,Abstract Material,General,,242.51,242.51,242.51,242.51,1,CNY,46.82,0.1931,49,49,Building works,详细工程报价（ΓΓΔΕ）,建筑工程,第14章 建筑工程
1417,ΟΙΚ 1417,Abstract Material,General,,243.01,243.01,243.01,243.01,1,CNY,27.03,0.1112,41,41,Building works,详细工程报价（ΓΓΔΕ）,建筑工程,建筑工程 - 第42章
1447,ΟΙΚ 1447,Abstract Material,General,,362.07,362.07,362.07,362.07,1,CNY,41.66,0.1151,39,39,Building works,详细工程报价（ΓΓΔΕ）,建筑工程,建筑工程 - 第42章
252,钢螺栓（螺母）带垫圈,Material,General,kg,581.21,14.08,1870.15,14.08,2,CNY,121.2,1.1392,36,36,Building works,详细工程报价（ΓΓΔΕ）,建筑工程,建筑工程 - 第52章
052,粉尘砂,Material,General,,80.67,80.67,80.67,80.67,1,CNY,34.54,0.4281,31,31,Building works,详细工程报价（ΓΓΔΕ）,建筑工程,建筑工程 - 第31章
6501,建筑立面连续玻璃幕墙系统,Abstract Material,General,,1506.83,1506.83,1506.83,1506.83,1,CNY,1442.54,0.9573,30,30,Building works,详细工程报价（ΓΓΔΕ）,建筑工程,建筑工程 - 第65章
265,钢筋和方钢,Material,General,kg,30.17,5.61,742.26,5.61,2,CNY,31.9,1.308,30,29,Building works,详细工程报价（ΓΓΔΕ）,建筑工程,建筑工程 - 第48章
222,净水泥（不含特拉伊卡土）按纸袋价值计 Kg,Material,General,kg,0.71,0.45,0.75,0.75,2,CNY,230.85,308.6207,29,26,Road works,详细工程报价（ΓΓΔΕ）,道路工程,道路工程 - 第25章
6303,气动模具（充气模具）,Abstract Material,General,,127.92,127.92,127.92,127.92,1,CNY,657.43,5.1393,29,29,Hydraulic works,详细工程报价（ΓΓΔΕ）,水利工程,液压工程 - 第67章
051,砂子用于砂浆,Material,General,m3,80.67,80.67,80.67,80.67,1,CNY,49.21,0.61,29,29,Building works,详细工程报价（ΓΓΔΕ）,建筑工程,第14章 建筑工程
6328,水务6328,Abstract Material,General,,1020.18,1020.18,1020.18,1020.18,1,CNY,1318.59,1.2925,28,28,Hydraulic works,详细工程报价（ΓΓΔΕ）,水利工程,液压工程 - 第67章
319,直径146 mm、深度100 m的旋转式地质钻机，适用于钻探岩石土壤。,Equipment,General,HΜ,142.32,142.32,142.32,142.32,1,CNY,3.46,0.0243,28,4,Marine / port works,详细工程报价（ΓΓΔΕ）,海洋/港口工程,海洋 / 港口工程 - 第42章
6304,混凝土表面修整的额外费用,Abstract Material,General,,35.43,35.43,35.43,35.43,1,CNY,190.62,5.3804,26,8,Hydraulic works,详细工程报价（ΓΓΔΕ）,水利工程,液压工程 - 第63章
1476,ΟΙΚ 1476,Abstract Material,General,,19.91,19.91,19.91,19.91,1,CNY,20.31,1.02,25,25,Building works,详细工程报价（ΓΓΔΕ）,建筑工程,建筑工程 - 第54章
6325,混凝土的生产、运输、摊铺、压实和养护 生产或现场供应和运输任何类别或质量的混凝土，符合混凝土技术规范（ΚΤΣ）、E.K.O.S.的规定，以及 - 适用于C10/12类别的混凝土结构,Abstract Material,General,,741.05,741.05,741.05,741.05,1,CNY,147.96,0.1997,24,24,Hydraulic works,详细工程报价（ΓΓΔΕ）,水利工程,液压工程 - 第67章
6323,生产、运输、摊铺、压实和混凝土养护 现场生产或供应混凝土，任何类别或质量，符合混凝土技术规范（ΚΤΣ）、E.K.O.S. 及相关规定 - 适用于C8/10类别的混凝土结构,Abstract Material,General,,676.62,676.62,676.62,676.62,1,CNY,94.05,0.139,24,24,Hydraulic works,详细工程报价（ΓΓΔΕ）,水利工程,液压工程 - 第67章
029,白色國產水泥，按公斤計價,Material,General,,0.98,0.98,0.98,0.98,1,CNY,98.96,101.2864,22,22,Building works,详细工程报价（ΓΓΔΕ）,建筑工程,第14章 建筑工程
1502,OIK 1502,Abstract Material,General,,3390.66,3390.66,3390.66,3390.66,1,CNY,169.53,0.05,21,8,Building works,详细工程报价（ΓΓΔΕ）,建筑工程,建筑工程 - 第31章
331,片岩大理石，厚度2厘米，正方形，长度至1.50米，产自Penteli（白色）,Material,General,m2,495.59,495.59,495.59,495.59,1,CNY,375.66,0.758,20,20,Building works,详细工程报价（ΓΓΔΕ）,建筑工程,建筑工程 - 第74章
441,砂纸,Material,General,件,0.5,0.5,0.5,0.5,1,CNY,0.28,0.5575,20,20,Building works,详细工程报价（ΓΓΔΕ）,建筑工程,建筑工程 - 第77章
1449,ΟΙΚ 1449,Abstract Material,General,,325.0,325.0,325.0,325.0,1,CNY,6.61,0.0203,18,18,Building works,详细工程报价（ΓΓΔΕ）,建筑工程,第73章 - 建筑工程
6330,6330,Abstract Material,General,,1156.83,1156.83,1156.83,1156.83,1,CNY,175.84,0.152,18,6,Hydraulic works,详细工程报价（ΓΓΔΕ）,水利工程,液压工程 - 第63章
032,希拉伊克土,Material,General,,232.16,232.16,232.16,232.16,1,CNY,71.81,0.3093,15,15,Building works,详细工程报价（ΓΓΔΕ）,建筑工程,第14章 建筑工程
065,碎石（砾石）厚度 0.4 至 1 厘米,Material,General,,67.65,67.65,67.65,67.65,1,CNY,17.69,0.2615,15,15,Building works,详细工程报价（ΓΓΔΕ）,建筑工程,建筑工程 - 第32章
442,硫酸铝,Material,General,件,0.79,0.79,0.79,0.79,1,CNY,0.2,0.2554,14,14,Building works,详细工程报价（ΓΓΔΕ）,建筑工程,建筑工程 - 第77章
6310,水务 6310,Abstract Material,General,,9.23,9.23,9.23,9.23,1,CNY,103.3,11.192,14,8,Hydraulic works,详细工程报价（ΓΓΔΕ）,水利工程,液压工程 - 第63章
6329.2,混凝土的生产、运输、摊铺、压实和养护 生产或现场供应各种类别或质量的混凝土，符合混凝土技术规范（ΚΤΣ）、E.K.O.S.的规定，以及- 用于混凝土类别为C20/25的结构,Abstract Material,General,,1063.97,1063.97,1063.97,1063.97,1,CNY,171.0,0.1607,14,8,Hydraulic works,详细工程报价（ΓΓΔΕ）,水利工程,液压工程 - 第63章
321,"整块大理石阶梯，使用长度至1,00 m，产地为Penteli（白色）",Material,General,m,3.67,3.67,3.67,3.67,1,CNY,154.92,36.3779,14,10,Building works,详细工程报价（ΓΓΔΕ）,建筑工程,建筑工程 - 第75章
398.1,"水泥膏体 kg 0,210 .2 岩石锚杆，伸展端抗压强度为9t，长度1,50 m，件数42,30 .3 岩石锚杆，伸展端抗压强度为12 t，长度2,50 m，件数49,80 .4 PERFO型岩石锚杆，1英寸，长度2,5 m或类似，件数71,20 .5 BERNOLD或类似的金属板 kg 5,80 .6 GRAELIUS型钻头金刚石钻头，直径48 mm，件数330,00 .7 取样用直径146 mm的金刚石钻头，件数1360,00 .8 内径150 mm、厚度4,5 mm的无缝钢管，用于井壁衬套，长度30,75 m .9 镀锌长缝钢管，内径650 mm，厚度6 mm，用于最终水井管道""MET""",Material,General,m,1.64,1.64,1.64,1.64,1,CNY,24.67,15.0,14,14,Hydraulic works,详细工程报价（ΓΓΔΕ）,水利工程,液压工程 - 第71章
061,"0,7 至 7 厘米的厚度铺面",Material,General,,70.94,70.94,70.94,70.94,1,CNY,53.66,0.7565,13,13,Building works,详细工程报价（ΓΓΔΕ）,建筑工程,建筑工程 - 第32章
242,3 mm 厚的压制石膏板（硬质板）,Material,General,m2,207.35,9.67,2386.05,29.02,3,CNY,140.94,4.5546,13,12,Building works,详细工程报价（ΓΓΔΕ）,建筑工程,建筑工程 - 第56章
056,"石灰砂浆 0,7 至 7 cm",Material,General,,55.4,55.4,55.4,55.4,1,CNY,41.27,0.7449,13,13,Building works,详细工程报价（ΓΓΔΕ）,建筑工程,建筑工程 - 第31章
6314,ΥΔΡ 6314,Abstract Material,General,,12.85,12.85,12.85,12.85,1,CNY,107.27,8.3456,13,7,Hydraulic works,详细工程报价（ΓΓΔΕ）,水利工程,液压工程 - 第63章
112,空心砖（开孔）沿长方向有孔，尺寸为 19 χ 11 χ 8 cm,Material,General,件,0.51,0.51,0.51,0.51,1,CNY,100.4,196.8324,13,13,Building works,详细工程报价（ΓΓΔΕ）,建筑工程,建筑工程 - 第38章
333,板岩大理石，厚度3厘米，正方形，长度至1.50米，来自Penteli（白色）,Material,General,,719.49,719.49,719.49,719.49,1,CNY,597.18,0.83,12,12,Building works,详细工程报价（ΓΓΔΕ）,建筑工程,建筑工程 - 第74章
1501,ΟΙΚ 1501,Abstract Material,General,,2966.62,2966.62,2966.62,2966.62,1,CNY,142.55,0.048,12,12,Building works,详细工程报价（ΓΓΔΕ）,建筑工程,第21章 建筑工程
266,所有截面高度或边长低于 8 厘米的形态硅铁,Material,General,kg,4.01,4.01,4.01,4.01,1,CNY,11.65,2.9009,11,10,Building works,详细工程报价（ΓΓΔΕ）,建筑工程,建筑工程 - 第61章
457,熟石膏抹灰（酵母）,Material,General,kg,5.34,5.34,5.34,5.34,1,CNY,2.96,0.5545,11,11,Building works,详细工程报价（ΓΓΔΕ）,建筑工程,建筑工程 - 第76章
484,矿物油,Material,General,kg,29.34,29.34,29.34,29.34,1,CNY,64.29,2.1909,11,11,Building works,详细工程报价（ΓΓΔΕ）,建筑工程,建筑工程 - 第11章
6326,混凝土的生产、运输、摊铺、压实和养护 生产或现场供应各种类别或质量的混凝土，符合混凝土技术规范（ΚΤΣ）、E.K.O.S.的规定，以及- 适用于C12/16类别的混凝土结构,Abstract Material,General,,857.06,857.06,857.06,857.06,1,CNY,443.21,0.5171,10,10,Hydraulic works,详细工程报价（ΓΓΔΕ）,水利工程,液压工程 - 第67章
235,高度至8厘米的形状钢筋,Material,General,kg,4.01,4.01,4.01,4.01,1,CNY,817.25,203.5812,10,9,Road works,详细工程报价（ΓΓΔΕ）,道路工程,道路工程 - 第26章
212,汽油,Material,General,,9.56,9.56,9.56,9.56,1,CNY,109.97,11.5,10,10,Hydraulic works,详细工程报价（ΓΓΔΕ）,水利工程,液压工程 - 第51章
443,生料油毡,Material,General,kg,12.82,12.82,12.82,12.82,1,CNY,1.46,0.114,10,10,Building works,详细工程报价（ΓΓΔΕ）,建筑工程,第14章 建筑工程
1446,ΟΙΚ 1446,Abstract Material,General,,320.14,320.14,320.14,320.14,1,CNY,29.97,0.0936,10,10,Building works,详细工程报价（ΓΓΔΕ）,建筑工程,第43章 建筑工程
231,由美国进口的木质拉毛带，宽度为4至7厘米，净厚度至少为22毫米，长度至少为40厘米,Material,General,m2,19.57,5.98,141.87,5.98,2,CNY,33.79,3.265,10,10,Building works,详细工程报价（ΓΓΔΕ）,建筑工程,建筑工程 - 第53章
363,支架挂钩,Material,General,件,4.8,4.06,11.47,4.06,2,CNY,41.01,9.73,10,10,Building works,详细工程报价（ΓΓΔΕ）,建筑工程,第14章 建筑工程
1492,ΟΙΚ 1492,Abstract Material,General,,18.32,18.32,18.32,18.32,1,CNY,3.73,0.2035,10,10,Building works,详细工程报价（ΓΓΔΕ）,建筑工程,建筑工程 - 第77章
1479,ΟΙΚ 1479,Abstract Material,General,,245.82,245.82,245.82,245.82,1,CNY,167.16,0.68,10,10,Building works,详细工程报价（ΓΓΔΕ）,建筑工程,建筑工程 - 第54章
111,空心砖（带孔）尺寸 19 χ 9 χ 6 cm,Material,General,件,0.46,0.46,0.46,0.46,1,CNY,116.52,250.6,10,10,Building works,详细工程报价（ΓΓΔΕ）,建筑工程,第46章 建筑工程
128,蜂窝式混凝土砖，重量 800，尺寸任意,Material,General,,569.04,569.04,569.04,569.04,1,CNY,72.08,0.1267,9,9,Building works,详细工程报价（ΓΓΔΕ）,建筑工程,建筑工程 - 第47章
035,普通灰色石膏,Material,General,kg,0.57,0.57,0.57,0.57,1,CNY,22.22,39.0222,9,9,Building works,详细工程报价（ΓΓΔΕ）,建筑工程,第14章 建筑工程
282,矩形截面钢管（管状）用于任何尺寸的门窗框,Material,General,kg,27.17,6.38,193.46,6.38,2,CNY,28.1,1.1456,9,9,Building works,详细工程报价（ΓΓΔΕ）,建筑工程,建筑工程 - 第62章
7019,ΥΔΡ 7019,Abstract Material,General,,572.62,59.28,1349.76,434.39,8,CNY,449.92,0.9,9,2,Hydraulic works,详细工程报价（ΓΓΔΕ）,水利工程,液压工程 - 第70章
445,霾,Material,General,kg,10.32,10.32,10.32,10.32,1,CNY,0.57,0.0556,9,9,Building works,详细工程报价（ΓΓΔΕ）,建筑工程,第14章 建筑工程
473,合成材料的漆膜漆,Material,General,kg,18.27,18.27,18.27,18.27,1,CNY,2.86,0.1567,9,9,Building works,详细工程报价（ΓΓΔΕ）,建筑工程,建筑工程 - 第77章
332,片岩大理石，厚度2厘米，正方形，长度超过1.50米，来自Penteli（白色）,Material,General,,513.84,513.84,513.84,513.84,1,CNY,414.93,0.8075,8,8,Building works,详细工程报价（ΓΓΔΕ）,建筑工程,建筑工程 - 第74章
1418,ΟΙΚ 1418,Abstract Material,General,,252.72,252.72,252.72,252.72,1,CNY,3.95,0.0156,8,8,Building works,详细工程报价（ΓΓΔΕ）,建筑工程,第71章 建筑工程
485,不净的石油（动力）,Material,General,,7.92,7.92,7.92,7.92,1,CNY,312.11,39.425,8,8,Building works,详细工程报价（ΓΓΔΕ）,建筑工程,建筑工程 - 第11章
444,煮沸的油毡,Material,General,kg,14.24,14.24,14.24,14.24,1,CNY,2.59,0.1821,7,7,Building works,详细工程报价（ΓΓΔΕ）,建筑工程,第14章 建筑工程
370,砖块支撑（柱子）,Material,General,件,1.9,1.9,1.9,1.9,1,CNY,14.63,7.7143,7,7,Building works,详细工程报价（ΓΓΔΕ）,建筑工程,第14章 建筑工程
370.8,150 - 370.16 150 - 370.24 150 - ΥΔΡ 371. 塑料管由PVC制成，额定压力,Material,General,,0.0,0.0,0.0,0.0,0,CNY,0.0,1.0,7,7,Hydraulic works,详细工程报价（ΓΓΔΕ）,水利工程,液压工程 - 第67章
223,高强度波特兰水泥，袋装价值,Material,General,kg,0.77,0.77,0.77,0.77,1,CNY,284.66,370.0,7,7,Hydraulic works,详细工程报价（ΓΓΔΕ）,水利工程,液压工程 - 第63章
233,复合条纹橡木拼贴地板砖，m2，厚度为8至10毫米，欧洲标准,Material,General,kg,41.82,3.61,137.36,3.61,2,CNY,27.6,1.6449,7,6,Building works,详细工程报价（ΓΓΔΕ）,建筑工程,建筑工程 - 第53章
6069,基坑垫层和管道回填，使用采石场出产的沙子,Abstract Material,General,,161.15,161.15,161.15,161.15,1,CNY,68.37,0.4243,7,7,Hydraulic works,详细工程报价（ΓΓΔΕ）,水利工程,液压工程 - 第67章
446,干燥剂,Material,General,kg,17.17,17.17,17.17,17.17,1,CNY,0.36,0.0207,7,7,Building works,详细工程报价（ΓΓΔΕ）,建筑工程,第14章 建筑工程
1412,ΟΙΚ 1412,Abstract Material,General,,163.35,163.35,163.35,163.35,1,CNY,23.1,0.1414,7,7,Building works,详细工程报价（ΓΓΔΕ）,建筑工程,建筑工程 - 第42章
450,毡毯,Material,General,kg,391.47,18.33,540.73,540.73,2,CNY,695.64,1.3086,7,7,Building works,详细工程报价（ΓΓΔΕ）,建筑工程,建筑工程 - 第77章
1504,ΟΙΚ 1504,Abstract Material,General,,4013.44,4013.44,4013.44,4013.44,1,CNY,21.16,0.0053,7,7,Building works,详细工程报价（ΓΓΔΕ）,建筑工程,第21章 建筑工程
1488,ΟΙΚ 1488,Abstract Material,General,,5.03,5.03,5.03,5.03,1,CNY,2.17,0.4314,7,7,Building works,详细工程报价（ΓΓΔΕ）,建筑工程,建筑工程 - 第77章
334,"3 厚度的板岩大理石，正方形，长度超过 1,50 m，来自 Penteli（白色）",Material,General,,770.89,770.89,770.89,770.89,1,CNY,726.84,0.9429,7,7,Building works,详细工程报价（ΓΓΔΕ）,建筑工程,建筑工程 - 第75章
366,风罩，适用于德国外壳,Material,General,件,131.66,32.25,151.55,151.55,2,CNY,36.41,0.5027,6,3,Building works,详细工程报价（ΓΓΔΕ）,建筑工程,第14章 建筑工程
241,从壳木材，宽度为5至8厘米，厚度至少为12毫米，长度至少为2米，国产,Material,General,m,49.98,49.98,49.98,49.98,1,CNY,92.96,1.7267,6,5,Building works,详细工程报价（ΓΓΔΕ）,建筑工程,建筑工程 - 第53章
236,白色木材边料，宽度5至8厘米，厚度至少12毫米，长度2米，来自罗马尼亚,Material,General,m,5.01,4.01,10.0,4.01,2,CNY,22.06,5.233,6,6,Building works,详细工程报价（ΓΓΔΕ）,建筑工程,建筑工程 - 第53章
237,从瑞典进口的宽度为5至8厘米、厚度至少12毫米、长度至少2米的木材（沙包木）,Material,General,m,8.53,7.85,11.93,7.85,2,CNY,8.78,1.0267,6,6,Building works,详细工程报价（ΓΓΔΕ）,建筑工程,建筑工程 - 第53章
460,耐用地板清漆,Material,General,kg,28.23,28.23,28.23,28.23,1,CNY,2.68,0.095,6,3,Building works,详细工程报价（ΓΓΔΕ）,建筑工程,建筑工程 - 第77章
7005,ΥΔΡ 7005,Abstract Material,General,,6.54,0.78,20.56,4.46,6,CNY,6.54,1.0,6,2,Hydraulic works,详细工程报价（ΓΓΔΕ）,水利工程,液压工程 - 第70章
6069.1,基坑垫层和管道回填，使用采石场出产的沙子,Abstract Material,General,,75.24,75.24,75.24,75.24,1,CNY,6.17,0.082,6,6,Hydraulic works,详细工程报价（ΓΓΔΕ）,水利工程,液压工程 - 第63章
7001,不透水填充，材料由任何距离运输,Abstract Material,General,,7.38,1.56,23.69,5.26,6,CNY,6.99,0.9833,6,2,Hydraulic works,详细工程报价（ΓΓΔΕ）,水利工程,液压工程 - 第70章
451,粉末状锌锭,Material,General,kg,7.83,7.83,7.83,7.83,1,CNY,2.79,0.3567,6,6,Building works,详细工程报价（ΓΓΔΕ）,建筑工程,第14章 建筑工程
1491,ΟΙΚ 1491,Abstract Material,General,,9.9,9.9,9.9,9.9,1,CNY,1.94,0.1958,6,6,Building works,详细工程报价（ΓΓΔΕ）,建筑工程,建筑工程 - 第77章
4512,道路 4512,Abstract Material,General,,11.4,11.4,11.4,11.4,1,CNY,4.34,0.3807,6,2,Road works,详细工程报价（ΓΓΔΕ）,道路工程,道路工程 - 第44章
1489,ΟΙΚ 1489,Abstract Material,General,,5.75,5.75,5.75,5.75,1,CNY,1.15,0.2,6,6,Building works,详细工程报价（ΓΓΔΕ）,建筑工程,建筑工程 - 第77章
024,石灰膏,Material,General,,290.2,290.2,290.2,290.2,1,CNY,0.62,0.0022,6,6,Building works,详细工程报价（ΓΓΔΕ）,建筑工程,建筑工程 - 第77章
346.1,"白色大理石瓷砖，任何尺寸 kg 0,0590 .2 黄色或橙色大理石瓷砖，任何尺寸",Material,General,kg,0.37,0.37,0.37,0.37,1,CNY,11.43,31.0,6,6,Building works,详细工程报价（ΓΓΔΕ）,建筑工程,第73章 - 建筑工程
1413,ΟΙΚ 1413,Abstract Material,General,,173.06,173.06,173.06,173.06,1,CNY,2.6,0.015,6,6,Building works,详细工程报价（ΓΓΔΕ）,建筑工程,第71章 建筑工程
348,"彩色大理石瓷砖，除黄色和橙色，任何尺寸 kg 0,1068 砖石 - 玻璃",Material,General,,0.67,0.67,0.67,0.67,1,CNY,7.57,11.3333,6,6,Building works,详细工程报价（ΓΓΔΕ）,建筑工程,第73章 - 建筑工程
102,实体砖（开孔）完整，带槽，尺寸 19 χ 9 χ 4 厘米,Material,General,件,0.0,0.0,0.0,0.0,0,CNY,0.0,210.0,6,6,Building works,详细工程报价（ΓΓΔΕ）,建筑工程,第46章 建筑工程
062,"浇筑混凝土，厚度0,7至3厘米或0,7至2,5厘米",Material,General,m3,70.94,70.94,70.94,70.94,1,CNY,49.3,0.695,6,6,Building works,详细工程报价（ΓΓΔΕ）,建筑工程,建筑工程 - 第32章
365,杀虫剂 Kg,Material,General,,164.44,164.44,164.44,164.44,1,CNY,82.66,0.5027,6,3,Landscaping / green works,详细工程报价（ΓΓΔΕ）,景观绿化工程,景观/绿化工程 - 第53章
101,全浇筑预制砌块，无槽，尺寸 19 χ 9 χ 4 cm,Material,General,件,0.0,0.0,0.0,0.0,0,CNY,0.0,210.0,6,6,Building works,详细工程报价（ΓΓΔΕ）,建筑工程,第46章 建筑工程
372,螺栓钉（木螺钉）20/30，装在144个装箱中。,Material,General,件,15.93,15.93,15.93,15.93,1,CNY,7.65,0.48,5,5,Building works,详细工程报价（ΓΓΔΕ）,建筑工程,第14章 建筑工程
7010,堤坝挡土墙第6区：随机材料支撑体,Abstract Material,General,,3.64,2.11,6.71,3.45,5,CNY,3.64,1.0,5,1,Hydraulic works,详细工程报价（ΓΓΔΕ）,水利工程,液压工程 - 第70章
351,法国螺丝钉 No 11,Material,General,件,1003.36,4.74,4997.81,4.74,2,CNY,1062.82,3.01,5,4,Building works,详细工程报价（ΓΓΔΕ）,建筑工程,第14章 建筑工程
6082.1,ΥΔΡ 6082.1,Abstract Material,General,,672.68,672.68,672.68,672.68,1,CNY,659.22,0.98,5,4,Hydraulic works,详细工程报价（ΓΓΔΕ）,水利工程,液压工程 - 第60章
243,镀锌钢丝网（沙拉扎内蒂） Kg,Material,General,kg,15.48,15.48,15.48,15.48,1,CNY,43.65,2.82,5,3,Road works,详细工程报价（ΓΓΔΕ）,道路工程,道路工程 - 第23章
482,汽油,Material,General,,9.56,9.56,9.56,9.56,1,CNY,33.28,3.48,5,5,Building works,详细工程报价（ΓΓΔΕ）,建筑工程,第15章 - 建筑工程
7003,穿透性填充，材料由任何距离运输,Abstract Material,General,,5.75,0.78,15.07,4.0,5,CNY,5.75,1.0,5,2,Hydraulic works,详细工程报价（ΓΓΔΕ）,水利工程,液压工程 - 第70章
6360.2,ΥΔΡ 6360.2,Abstract Material,General,,378.83,70.55,767.84,224.75,5,CNY,378.83,1.0,5,1,Hydraulic works,详细工程报价（ΓΓΔΕ）,水利工程,液压工程 - 第63章
6360.1,水务 6360.1,Abstract Material,General,,337.04,50.75,714.21,204.19,5,CNY,337.04,1.0,5,1,Hydraulic works,详细工程报价（ΓΓΔΕ）,水利工程,液压工程 - 第63章
6360.5,ΥΔΡ 6360.5,Abstract Material,General,,839.29,169.61,1817.29,446.83,5,CNY,839.29,1.0,5,1,Hydraulic works,详细工程报价（ΓΓΔΕ）,水利工程,液压工程 - 第63章
6360.6,ΥΔΡ 6360.6,Abstract Material,General,,1053.64,224.75,2401.14,525.29,5,CNY,1053.64,1.0,5,1,Hydraulic works,详细工程报价（ΓΓΔΕ）,水利工程,液压工程 - 第63章
6360.4,ΥΔΡ 6360.4,Abstract Material,General,,685.23,135.92,1335.18,402.21,5,CNY,685.23,1.0,5,1,Hydraulic works,详细工程报价（ΓΓΔΕ）,水利工程,液压工程 - 第63章
6360.3,ΥΔΡ 6360.3,Abstract Material,General,,527.98,100.18,1017.76,269.06,5,CNY,527.98,1.0,5,1,Hydraulic works,详细工程报价（ΓΓΔΕ）,水利工程,液压工程 - 第63章
326,"长度超过 0,80 m 且来自 Penteli（白色）的花岗岩路缘石",Material,General,m,212.13,8.45,666.55,8.45,3,CNY,363.65,18.51,5,4,Building works,详细工程报价（ΓΓΔΕ）,建筑工程,建筑工程 - 第75章
1485,OIK 1485,Abstract Material,General,,5.5,5.5,5.5,5.5,1,CNY,1.24,0.226,5,5,Building works,详细工程报价（ΓΓΔΕ）,建筑工程,建筑工程 - 第77章
4312,道路 4312,Abstract Material,General,,11.4,11.4,11.4,11.4,1,CNY,0.81,0.071,5,2,Road works,详细工程报价（ΓΓΔΕ）,道路工程,道路工程 - 第42章
6081.1,水管 6081.1,Abstract Material,General,,148.53,148.53,148.53,148.53,1,CNY,145.56,0.98,5,4,Hydraulic works,详细工程报价（ΓΓΔΕ）,水利工程,液压工程 - 第60章
6084.1,ΥΔΡ 6084.1,Abstract Material,General,,504.47,504.47,504.47,504.47,1,CNY,534.74,1.06,5,4,Hydraulic works,详细工程报价（ΓΓΔΕ）,水利工程,液压工程 - 第60章
6083.1,ΥΔΡ 6083.1,Abstract Material,General,,99.12,99.12,99.12,99.12,1,CNY,105.07,1.06,5,4,Hydraulic works,详细工程报价（ΓΓΔΕ）,水利工程,液压工程 - 第60章
1471,ΟΙΚ 1471,Abstract Material,General,,37.54,37.54,37.54,37.54,1,CNY,37.54,1.0,5,5,Building works,详细工程报价（ΓΓΔΕ）,建筑工程,建筑工程 - 第54章
296,铝表面氧化处理，白色，厚度20μm,Material,General,m2,80.42,80.42,80.42,80.42,1,CNY,37.8,0.47,5,5,Building works,详细工程报价（ΓΓΔΕ）,建筑工程,建筑工程 - 第65章
4662.2,ΟΙΚ 4662.2,Abstract Material,General,,146.52,146.52,146.52,146.52,1,CNY,120.15,0.82,5,4,Building works,详细工程报价（ΓΓΔΕ）,建筑工程,建筑工程 - 第48章
4664.1,ΟΙΚ 4664.1,Abstract Material,General,,276.07,276.07,276.07,276.07,1,CNY,223.62,0.81,5,4,Building works,详细工程报价（ΓΓΔΕ）,建筑工程,建筑工程 - 第48章
4664.2,ΟΙΚ 4664.2,Abstract Material,General,,281.44,281.44,281.44,281.44,1,CNY,227.96,0.81,5,4,Building works,详细工程报价（ΓΓΔΕ）,建筑工程,建筑工程 - 第48章
4665.1,ΟΙΚ 4665.1,Abstract Material,General,,415.5,415.5,415.5,415.5,1,CNY,334.89,0.806,5,4,Building works,详细工程报价（ΓΓΔΕ）,建筑工程,建筑工程 - 第48章
4665.2,ΟΙΚ 4665.2,Abstract Material,General,,421.15,421.15,421.15,421.15,1,CNY,339.45,0.806,5,4,Building works,详细工程报价（ΓΓΔΕ）,建筑工程,建筑工程 - 第48章
232,橡木地板条，宽度为4至6厘米，净厚度至少20毫米，长度为25至35厘米，来自斯洛文尼亚（含50%的蜂巢层，作为ATOE 5341）,Material,General,m2,209.18,14.08,290.2,225.71,3,CNY,217.04,0.97,5,5,Building works,详细工程报价（ΓΓΔΕ）,建筑工程,建筑工程 - 第53章
519,"隔热隔音材料，导热系数 λ ≤ 0,06，特殊比重 δ ≤ 1000 kg/m3，膨胀珍珠岩",Material,General,m3,342.69,342.69,342.69,342.69,1,CNY,280.32,0.818,5,5,Building works,详细工程报价（ΓΓΔΕ）,建筑工程,第14章 建筑工程
4662.1,ΟΙΚ 4662.1,Abstract Material,General,,143.8,143.8,143.8,143.8,1,CNY,117.92,0.82,5,4,Building works,详细工程报价（ΓΓΔΕ）,建筑工程,建筑工程 - 第48章
361,普通握把（拳头）,Material,General,件,56.51,8.06,201.85,8.06,2,CNY,762.97,4.5,4,4,Building works,详细工程报价（ΓΓΔΕ）,建筑工程,第14章 建筑工程
360,覆层梁（潘朱罗梁）完整贯穿整个门框高度,Material,General,件,233.02,78.68,660.74,96.33,3,CNY,233.02,1.0,4,4,Building works,详细工程报价（ΓΓΔΕ）,建筑工程,第14章 建筑工程
295,各种截面型材的铝棒,Material,General,kg,41.85,41.85,41.85,41.85,1,CNY,141.25,3.375,4,4,Building works,详细工程报价（ΓΓΔΕ）,建筑工程,建筑工程 - 第65章
565.3,直径 1 英寸，厚度 3.25 mm m 3.06 。直径 1 1/2 英寸，厚度 3.25 mm m 4.53 。直径 2 英寸，厚度 3.65 mm,Material,General,m,24.51,24.51,24.51,24.51,1,CNY,26.34,1.075,4,4,Building works,详细工程报价（ΓΓΔΕ）,建筑工程,建筑工程 - 第62章
058,碎石铺设。10至25 cm,Material,General,m3,47.59,47.59,47.59,47.59,1,CNY,23.8,0.5,4,4,Building works,详细工程报价（ΓΓΔΕ）,建筑工程,建筑工程 - 第34章
261,结构钢筋网,Material,General,kg,27.3,3.95,97.38,3.95,2,CNY,29.01,1.4325,4,4,Building works,详细工程报价（ΓΓΔΕ）,建筑工程,建筑工程 - 第38章
453,粉末状石膏,Material,General,kg,0.49,0.49,0.49,0.49,1,CNY,0.22,0.45,4,4,Building works,详细工程报价（ΓΓΔΕ）,建筑工程,第14章 建筑工程
384.1,"两孔阀门总成，类型为""N""或""HP""，每个537.05。2 四孔阀门总成，类型为""N""或""HP""，每个--。3 防冻保护系统--。4 密封盘--。5 阀门管道（带调压器和限制供水装置的接头）和塞子--。6 阀门管道（带限制供水装置的接头）和塞子--。7 水表--。8 静压调压器，标准压力为12.5 bar，范围从2.5到5 bar--。9 限制供水装置，3、4、6或9 It/s",Material,General,件,3463.32,3463.32,3463.32,3463.32,1,CNY,3463.32,1.0,4,4,Hydraulic works,详细工程报价（ΓΓΔΕ）,水利工程,液压工程 - 第66章
6301,临时沟槽桥接以便行人通行,Abstract Material,General,,41.8,41.8,41.8,41.8,1,CNY,41.8,1.0,4,4,Hydraulic works,详细工程报价（ΓΓΔΕ）,水利工程,液压工程 - 第63章
243.1,"厚度 8 mm m2 2,66 m2 。2 厚度 12 mm 3,65 。3 厚度 16 mm m2 4,45 m2 。5 厚度 22 mm",Material,General,,17.41,17.41,17.41,17.41,1,CNY,7.42,0.4262,4,4,Building works,详细工程报价（ΓΓΔΕ）,建筑工程,建筑工程 - 第54章
7361,大理石马赛克铺面（马赛克）铺面，尺寸至编号6，白色或加入其他颜色马赛克，分两层施工。对待铺面表面进行彻底清洁和冲洗，材料和混合工作、铺设--厚度2.5厘米的马赛克铺面，使用普通水泥，白色马赛克占95%。,Abstract Material,General,,309.92,309.92,309.92,309.92,1,CNY,286.68,0.925,4,4,Building works,详细工程报价（ΓΓΔΕ）,建筑工程,第73章 - 建筑工程
7755,普通铁面涂装,Abstract Material,General,,133.21,133.21,133.21,133.21,1,CNY,39.96,0.3,4,4,Building works,详细工程报价（ΓΓΔΕ）,建筑工程,建筑工程 - 第77章
244,"钢铁桩木板 Kg 2,47",Material,General,kg,17.41,17.41,17.41,17.41,1,CNY,9.79,0.5625,4,4,Road works,详细工程报价（ΓΓΔΕ）,道路工程,道路工程 - 第22章
1122,ΟΔΟ 1122,Abstract Material,General,,20.41,14.03,26.78,20.41,2,CNY,12.24,0.6,4,4,Road works,详细工程报价（ΓΓΔΕ）,道路工程,道路工程 - 第16章
1487,ΟΙΚ 1487,Abstract Material,General,,3.98,3.98,3.98,3.98,1,CNY,0.3,0.075,4,4,Building works,详细工程报价（ΓΓΔΕ）,建筑工程,建筑工程 - 第77章
493,沥青胶,Material,General,kg,4.71,4.71,4.71,4.71,1,CNY,4.47,0.95,4,4,Building works,详细工程报价（ΓΓΔΕ）,建筑工程,建筑工程 - 第72章
1426,ΟΙΚ 1426,Abstract Material,General,,983.16,983.16,983.16,983.16,1,CNY,6.64,0.0068,4,4,Building works,详细工程报价（ΓΓΔΕ）,建筑工程,第71章 建筑工程
215,"净油（照明用） It 0,8469 KONESES",Material,General,,7.15,7.15,7.15,7.15,1,CNY,2.28,0.3188,4,4,Road works,详细工程报价（ΓΓΔΕ）,道路工程,道路工程 - 第67章
273,镀锌扁钢筋,Material,General,kg,6.99,6.99,6.99,6.99,1,CNY,6.12,0.875,4,3,Building works,详细工程报价（ΓΓΔΕ）,建筑工程,建筑工程 - 第72章
067,Σκύρα κισήρεως διαστ. 1 έως 5 cm,Material,General,,293.42,293.42,293.42,293.42,1,CNY,230.33,0.785,4,4,Building works,详细工程报价（ΓΓΔΕ）,建筑工程,建筑工程 - 第35章
1422,ΟΙΚ 1422,Abstract Material,General,,0.0,0.0,0.0,0.0,0,CNY,0.0,0.016,4,4,Building works,详细工程报价（ΓΓΔΕ）,建筑工程,第71章 建筑工程
142,"空心机械加工瓷砖，尺寸 42,5 × 20,5 厘米，垫层和覆盖层的平均价格",Material,General,件,2.48,2.48,2.48,2.48,1,CNY,64.55,26.0,4,4,Building works,详细工程报价（ΓΓΔΕ）,建筑工程,建筑工程 - 第72章
1427,ΟΙΚ 1427,Abstract Material,General,,1053.12,1053.12,1053.12,1053.12,1,CNY,6.58,0.0062,4,4,Building works,详细工程报价（ΓΓΔΕ）,建筑工程,第71章 建筑工程
566.3,直径 1 英寸，厚度 3.25 mm m 4.09。直径 1 1/2 英寸，厚度 3.25 mm m 6.24。直径 2 英寸，厚度 3.65 mm,Material,General,m,32.57,32.57,32.57,32.57,1,CNY,42.34,1.3,3,3,Building works,详细工程报价（ΓΓΔΕ）,建筑工程,建筑工程 - 第64章
294,"铝板厚度 0,50 mm",Material,General,kg,22.69,22.69,22.69,22.69,1,CNY,50.28,2.2159,3,2,Building works,详细工程报价（ΓΓΔΕ）,建筑工程,建筑工程 - 第65章
252.1,国内刨花板木材 - .2 国内橡木刨花板,Material,General,m3,0.0,0.0,0.0,0.0,0,CNY,0.0,0.024,3,3,Hydraulic works,详细工程报价（ΓΓΔΕ）,水利工程,液压工程 - 第61章
253,钢制双头钉（钉子）,Material,General,kg,17.79,17.79,17.79,17.79,1,CNY,10.38,0.5833,3,3,Building works,详细工程报价（ΓΓΔΕ）,建筑工程,建筑工程 - 第62章
271,黑色钢板，厚度至2 mm,Material,General,kg,447.6,6.21,1330.38,6.21,2,CNY,446.44,0.8133,3,3,Building works,详细工程报价（ΓΓΔΕ）,建筑工程,建筑工程 - 第62章
254,信封油布平头镀锌,Material,General,kg,22.78,22.78,22.78,22.78,1,CNY,0.91,0.04,3,3,Building works,详细工程报价（ΓΓΔΕ）,建筑工程,建筑工程 - 第72章
467,槽钢,Material,General,kg,21.91,21.91,21.91,21.91,1,CNY,2.26,0.1033,3,3,Building works,详细工程报价（ΓΓΔΕ）,建筑工程,建筑工程 - 第77章
328,"大理石水槽，宽度50 cm，厚度20至25 cm，长度1,1m",Material,General,件,11.87,11.87,11.87,11.87,1,CNY,26.1,1.0767,3,2,Building works,详细工程报价（ΓΓΔΕ）,建筑工程,建筑工程 - 第75章
327,沥青隔热材料用于涂层,Material,General,kg,12.06,3.48,29.21,3.48,2,CNY,10.9,0.6667,3,3,Road works,详细工程报价（ΓΓΔΕ）,道路工程,道路工程 - 第24章
6751,开孔等，表面清理采用金属喷砂或砂轮喷砂，符合SA 2 ½等级，依据ΕΛΟΤ ΕΝ ISO 8504-1标准，防锈保护采用两层锌基底漆，干膜厚度每层25 ± 5 μm,Abstract Material,General,,33.21,33.21,33.21,33.21,1,CNY,19.04,0.5733,3,2,Hydraulic works,详细工程报价（ΓΓΔΕ）,水利工程,液压工程 - 第70章
379,木制卷帘框架及系统，即：由铁制P型框架，配有关节和通道，带手柄以便升降，带有金属板的滑轮和铁制轴。,Material,General,件,127.36,102.54,177.02,102.54,2,CNY,161.54,1.3333,3,3,Building works,详细工程报价（ΓΓΔΕ）,建筑工程,第14章 建筑工程
477,橡胶基塑料涂料,Material,General,kg,0.0,0.0,0.0,0.0,0,CNY,0.0,0.1433,3,3,Building works,详细工程报价（ΓΓΔΕ）,建筑工程,建筑工程 - 第77章
476,丙烯酸底漆（丙烯酸底漆）,Material,General,kg,15.72,15.72,15.72,15.72,1,CNY,1.73,0.11,3,3,Building works,详细工程报价（ΓΓΔΕ）,建筑工程,建筑工程 - 第77章
336,片岩大理石，厚度4厘米，正方形，长度超过1.50米，产地为潘特利（白色）,Material,General,,0.0,0.0,0.0,0.0,0,CNY,0.0,0.6,3,3,Building works,详细工程报价（ΓΓΔΕ）,建筑工程,建筑工程 - 第75章
301,混凝土路缘石,Material,General,m,23.67,23.67,23.67,23.67,1,CNY,23.67,1.0,3,3,Road works,详细工程报价（ΓΓΔΕ）,道路工程,道路工程 - 第29章
506,"胶合纸，重量 1,75 kg/m2",Material,General,m2,9.23,9.23,9.23,9.23,1,CNY,10.62,1.15,3,3,Building works,详细工程报价（ΓΓΔΕ）,建筑工程,建筑工程 - 第72章
302,"混凝土人行道板 7,12",Material,General,m2,38.95,38.95,38.95,38.95,1,CNY,39.73,1.02,3,3,Road works,详细工程报价（ΓΓΔΕ）,道路工程,道路工程 - 第29章
4412,道路 4412,Abstract Material,General,,11.4,11.4,11.4,11.4,1,CNY,0.81,0.071,3,1,Road works,详细工程报价（ΓΓΔΕ）,道路工程,道路工程 - 第43章
224,"无水石灰块 Kg 0,070 钢筋，金属",Material,General,kg,0.45,0.45,0.45,0.45,1,CNY,54.17,120.0,3,3,Road works,详细工程报价（ΓΓΔΕ）,道路工程,道路工程 - 第65章
2522,混凝土 C20/25 砌筑的路缘、沟槽铺设、底部成型等,Abstract Material,General,,954.6,764.31,1116.95,982.54,3,CNY,4.77,0.005,3,3,Road works,详细工程报价（ΓΓΔΕ）,道路工程,道路工程 - 第29章
238,从斯洛文尼亚进口的宽度为5至8厘米、厚度至少12毫米、长度至少2米的橡木木材边角料（木屑料）,Material,General,m,7.99,3.61,16.77,3.61,2,CNY,8.45,1.0533,3,3,Building works,详细工程报价（ΓΓΔΕ）,建筑工程,建筑工程 - 第53章
6327,混凝土的生产、运输、摊铺、压实和养护 生产或现场供应和运输任何类别或质量的混凝土，符合混凝土技术规范（ΚΤΣ）、E.K.O.S.的规定，以及- 用于混凝土类别为C16/20的结构,Abstract Material,General,,997.73,997.73,997.73,997.73,1,CNY,440.66,0.4417,3,3,Hydraulic works,详细工程报价（ΓΓΔΕ）,水利工程,液压工程 - 第67章
277,冷弯钢筋（D.K.P.）厚度1至2 mm,Material,General,kg,6.45,6.45,6.45,6.45,1,CNY,7.42,1.15,3,3,Building works,详细工程报价（ΓΓΔΕ）,建筑工程,建筑工程 - 第62章
6086.1,ΥΔΡ 6086.1,Abstract Material,General,,246.66,246.66,246.66,246.66,1,CNY,246.66,1.0,3,3,Hydraulic works,详细工程报价（ΓΓΔΕ）,水利工程,液压工程 - 第60章
264,钢材用于窗框，按截面形状（单层、双层或多层接触型）以棒材形式供应,Material,General,kg,142.51,7.08,413.37,7.08,2,CNY,144.16,1.2333,3,3,Building works,详细工程报价（ΓΓΔΕ）,建筑工程,建筑工程 - 第62章
7017.3,爆炸性混凝土应用于地下工程之外,Abstract Material,General,,601.36,601.36,601.36,601.36,1,CNY,300.68,0.5,3,3,Hydraulic works,详细工程报价（ΓΓΔΕ）,水利工程,液压工程 - 第70章
057,"石灰砂浆 0,7 至 3 或 0,7 至 2,5 厘米",Material,General,,55.4,55.4,55.4,55.4,1,CNY,45.42,0.82,3,3,Building works,详细工程报价（ΓΓΔΕ）,建筑工程,建筑工程 - 第31章
515,膨胀珍珠岩,Material,General,m3,296.45,296.45,296.45,296.45,1,CNY,316.21,1.0667,3,3,Building works,详细工程报价（ΓΓΔΕ）,建筑工程,第14章 建筑工程
354,模板 No 8,Material,General,件,12.88,6.35,25.92,6.35,2,CNY,16.73,2.4067,3,3,Building works,详细工程报价（ΓΓΔΕ）,建筑工程,第14章 建筑工程
7016.4,水务 7016.4,Abstract Material,General,,823.28,823.28,823.28,823.28,1,CNY,397.92,0.4833,3,3,Hydraulic works,详细工程报价（ΓΓΔΕ）,水利工程,液压工程 - 第70章
364,法式窗户挡风板（单）,Material,General,件,13.25,7.31,25.15,7.31,2,CNY,18.13,1.6667,3,3,Building works,详细工程报价（ΓΓΔΕ）,建筑工程,第14章 建筑工程
492,防水涂料（黑色）,Material,General,kg,3.48,3.48,3.48,3.48,1,CNY,2.14,0.6133,3,3,Building works,详细工程报价（ΓΓΔΕ）,建筑工程,建筑工程 - 第51章
283,镀锌钢丝,Material,General,kg,83.64,8.42,234.09,8.42,2,CNY,78.52,0.3917,3,3,Building works,详细工程报价（ΓΓΔΕ）,建筑工程,建筑工程 - 第52章
481,火药，配有相应的引爆器和火药筒,Material,General,kg,33.36,33.36,33.36,33.36,1,CNY,13.34,0.4,3,3,Building works,详细工程报价（ΓΓΔΕ）,建筑工程,第21章 建筑工程
6085.1,6085.1,Abstract Material,General,,57.0,57.0,57.0,57.0,1,CNY,57.0,1.0,3,3,Hydraulic works,详细工程报价（ΓΓΔΕ）,水利工程,液压工程 - 第60章
297.2,铅板,Material,General,kg,0.0,0.0,0.0,0.0,0,CNY,0.0,0.5106,3,3,Building works,详细工程报价（ΓΓΔΕ）,建筑工程,建筑工程 - 第72章
281,不锈钢角码,Material,General,m,90.01,42.66,137.36,90.01,2,CNY,91.08,1.025,2,2,Building works,详细工程报价（ΓΓΔΕ）,建筑工程,建筑工程 - 第61章
4622.1,OP 4622.1,Abstract Material,General,,148.23,148.23,148.23,148.23,1,CNY,251.98,1.7,2,2,Building works,详细工程报价（ΓΓΔΕ）,建筑工程,第46章 建筑工程
4622.2,ΟΙΚ 4622.2,Abstract Material,General,,150.61,150.61,150.61,150.61,1,CNY,256.03,1.7,2,2,Building works,详细工程报价（ΓΓΔΕ）,建筑工程,第46章 建筑工程
7016.5,水务 7016.5,Abstract Material,General,,164.66,164.66,164.66,164.66,1,CNY,102.91,0.625,2,2,Hydraulic works,详细工程报价（ΓΓΔΕ）,水利工程,液压工程 - 第70章
114,混凝土砖，尺寸为 39 χ 15 χ 19 厘米,Material,General,件,0.0,0.0,0.0,0.0,0,CNY,0.0,13.0,2,2,Building works,详细工程报价（ΓΓΔΕ）,建筑工程,建筑工程 - 第47章
1401,ΟΙΚ 1401,Abstract Material,General,,1562.55,1562.55,1562.55,1562.55,1,CNY,335.95,0.215,2,2,Building works,详细工程报价（ΓΓΔΕ）,建筑工程,建筑工程 - 第48章
686.1,"独立式水冷器，小时能力200杯水，件数410,00 687.1.1 电子压缩机，电动驱动，组装在金属底座上，流量5 m3/h，无气压仓，工作压力10 atm，件数2300,00 m2 703.2.2 钢制暖气片，国产，三节式，轴向高度655 mm，23,66 714.2.6 铸铁锅炉，带燃烧器（自主式）水，热功率100000 kcal/h，件数5140,00 715.2.9 钢制锅炉，带燃烧器（自主式）水，热功率200000 kcal/h，件数5098,00 718.3.3 不洁油箱，矩形，符合（DIN 6620）容量2000升，件数1040,00 m3 719.1.3 塑料水箱，水平圆柱形，容量5英寸，",Material,General,件,2644.0,2644.0,2644.0,2644.0,1,CNY,1348.44,0.51,2,1,Electromechanical works,详细工程报价（ΓΓΔΕ）,机电工程,机电工程 - 第25章
621.1,"厕所洗手盆（高压水箱，尼亚加拉型）铸铁，容量12 It，件数60,00 630.1.2 铸铁浴缸，搪瓷涂层，弯曲或自由式，长度1,70 m，件数280,00 634.1.1 不锈钢水槽，宽度约50 cm，单槽，尺寸约35x40x13 cm，长度约1,20 m",Material,General,件,419.17,419.17,419.17,419.17,1,CNY,230.54,0.55,2,1,Electromechanical works,详细工程报价（ΓΓΔΕ）,机电工程,机电工程 - 第15章
124,预制烟囱组件由内墙砖制成。,Material,General,,38.05,38.05,38.05,38.05,1,CNY,39.95,1.05,2,2,Building works,详细工程报价（ΓΓΔΕ）,建筑工程,建筑工程 - 第48章
4611.1,ΟΙΚ 4611.1,Abstract Material,General,,0.0,0.0,0.0,0.0,0,CNY,0.0,1.7,2,2,Building works,详细工程报价（ΓΓΔΕ）,建筑工程,第46章 建筑工程
4601.2,OIK 4601.2,Abstract Material,General,,0.0,0.0,0.0,0.0,0,CNY,0.0,1.7,2,2,Building works,详细工程报价（ΓΓΔΕ）,建筑工程,第46章 建筑工程
4611.2,OIK 4611.2,Abstract Material,General,,0.0,0.0,0.0,0.0,0,CNY,0.0,1.7,2,2,Building works,详细工程报价（ΓΓΔΕ）,建筑工程,第46章 建筑工程
7017.4,爆炸性混凝土应用于地下工程之外,Abstract Material,General,,120.27,120.27,120.27,120.27,1,CNY,78.18,0.65,2,2,Hydraulic works,详细工程报价（ΓΓΔΕ）,水利工程,液压工程 - 第70章
117,Киссиρόπλινθος διάκενος διαστ. 39 χ 19 χ 19 cm,Material,General,件,0.0,0.0,0.0,0.0,0,CNY,0.0,13.0,2,2,Building works,详细工程报价（ΓΓΔΕ）,建筑工程,建筑工程 - 第47章
118,保护_tokens：39 χ 15 χ 19 cm,Material,General,件,0.0,0.0,0.0,0.0,0,CNY,0.0,13.0,2,2,Building works,详细工程报价（ΓΓΔΕ）,建筑工程,建筑工程 - 第47章
113,水泥砖，空隙，尺寸 39 χ 19 χ 19 厘米,Material,General,件,3.68,3.68,3.68,3.68,1,CNY,47.79,13.0,2,2,Building works,详细工程报价（ΓΓΔΕ）,建筑工程,建筑工程 - 第47章
379.1,"600 - 379.4 350 1907,55 379.7 500",Material,General,,0.0,0.0,0.0,0.0,0,CNY,0.0,0.525,2,1,Hydraulic works,详细工程报价（ΓΓΔΕ）,水利工程,液压工程 - 第66章
380.1,"400 396,00 380.4 600 1056,00 .2 450 502,00 .5 700 1420,00 .3 500 583,00 .6 800",Material,General,,2553.72,2553.72,2553.72,2553.72,1,CNY,1404.55,0.55,2,1,Hydraulic works,详细工程报价（ΓΓΔΕ）,水利工程,液压工程 - 第66章
226,由宽度不超过8 cm、净厚度至少2 m2 mm、长度至少40 cm的木材制成的拉布泰条，产自罗马尼亚,Material,General,,83.83,83.83,83.83,83.83,1,CNY,88.03,1.05,2,2,Building works,详细工程报价（ΓΓΔΕ）,建筑工程,建筑工程 - 第53章
219,橡木薄板,Material,General,m2,22.57,22.57,22.57,22.57,1,CNY,14.22,0.63,2,1,Building works,详细工程报价（ΓΓΔΕ）,建筑工程,建筑工程 - 第52章
245,木质纤维板（刨花板）饰以木材薄片贴面，橡木，厚度16 mm,Material,General,,116.08,116.08,116.08,116.08,1,CNY,70.23,0.605,2,1,Building works,详细工程报价（ΓΓΔΕ）,建筑工程,建筑工程 - 第52章
324,防水型沥青乳液,Material,General,kg,599.03,3.74,1194.32,599.03,2,CNY,611.46,4.325,2,2,Hydraulic works,详细工程报价（ΓΓΔΕ）,水利工程,液压工程 - 第70章
227,带宽超过8 cm且不超过12 cm的木材条，净面积为每平方米22 mm厚，长度至少40 cm，产地为罗马尼亚,Material,General,,83.83,83.83,83.83,83.83,1,CNY,88.03,1.05,2,2,Building works,详细工程报价（ΓΓΔΕ）,建筑工程,建筑工程 - 第53章
1506,OIK 1506,Abstract Material,General,,4607.12,4607.12,4607.12,4607.12,1,CNY,18.43,0.004,2,2,Building works,详细工程报价（ΓΓΔΕ）,建筑工程,第21章 建筑工程
381,门扇滑动机构（含特殊配件）,Material,General,m,482.18,482.18,482.18,482.18,1,CNY,723.26,1.5,2,2,Building works,详细工程报价（ΓΓΔΕ）,建筑工程,第14章 建筑工程
1503,OIK 1503,Abstract Material,General,,3483.05,3483.05,3483.05,3483.05,1,CNY,3.48,0.001,2,2,Building works,详细工程报价（ΓΓΔΕ）,建筑工程,第21章 建筑工程
378.1,"50 69,00 378.4 125 188,00 378.7 200 338,00 .2 80 106,00 .5 150 231,00 .8 250 512,00 136,00 724,00 .3 100 .6 175 .9 300 ΥΔΡ 379. ΔΙΚΛΕΙΔΕΣ ΤΥΠΟΥ ΠΕΤΑΛΟΥΔΑΣ ΜΕ ΩΤΙΔΕΣ (D = Διάμετρος σε mm, Τ = Τιμή σε €/τεμ) α) Ονομαστικής πιέσεως 2,5 bar β) Ονομαστικής πιέσεως",Material,General,,444.97,444.97,444.97,444.97,1,CNY,233.61,0.525,2,1,Hydraulic works,详细工程报价（ΓΓΔΕ）,水利工程,液压工程 - 第66章
249,16 mm 混凝土垫层,Material,General,,128.98,128.98,128.98,128.98,1,CNY,78.03,0.605,2,1,Building works,详细工程报价（ΓΓΔΕ）,建筑工程,建筑工程 - 第52章
246,木质纤维板（刨花板）覆盖着16 mm厚的桃花心木,Material,General,,83.83,83.83,83.83,83.83,1,CNY,50.72,0.605,2,1,Building works,详细工程报价（ΓΓΔΕ）,建筑工程,建筑工程 - 第52章
473,ATLAS CEMAG 350 型搅拌器维护或类似设备,Equipment,General,HΜ,109.95,109.95,109.95,109.95,1,CNY,68.72,0.625,2,1,Hydraulic works,详细工程报价（ΓΓΔΕ）,水利工程,液压工程 - 第57章
474,混凝土灌浆泵，气动式ATLAS ZHS或类似型号,Equipment,General,HΜ,225.97,225.97,225.97,225.97,1,CNY,141.23,0.625,2,1,Hydraulic works,详细工程报价（ΓΓΔΕ）,水利工程,液压工程 - 第57章
284,刺绣钢丝,Material,General,m,486.24,486.24,486.24,486.24,1,CNY,486.24,1.05,2,2,Building works,详细工程报价（ΓΓΔΕ）,建筑工程,建筑工程 - 第64章
392,钢制安全锁扣，边缘，产自意大利,Material,General,件,176.83,176.83,176.83,176.83,1,CNY,61.89,0.35,2,2,Building works,详细工程报价（ΓΓΔΕ）,建筑工程,建筑工程 - 第62章
272,黑色钢板，厚度超过 2 mm,Material,General,kg,5.72,5.72,5.72,5.72,1,CNY,18.59,3.25,2,2,Building works,详细工程报价（ΓΓΔΕ）,建筑工程,建筑工程 - 第62章
388,钢制弹簧卷轴，宽度 5 厘米，重量 3 公斤,Material,General,件,315.15,315.15,315.15,315.15,1,CNY,110.3,0.35,2,2,Building works,详细工程报价（ΓΓΔΕ）,建筑工程,建筑工程 - 第62章
027,高强度水泥,Material,General,kg,0.77,0.77,0.77,0.77,1,CNY,298.12,387.5,2,2,Building works,详细工程报价（ΓΓΔΕ）,建筑工程,建筑工程 - 第32章
289,六角孔网 (钢筋网),Material,General,,6.72,6.72,6.72,6.72,1,CNY,7.22,1.075,2,2,Building works,详细工程报价（ΓΓΔΕ）,建筑工程,建筑工程 - 第61章
2263Γ,ΟΙΚ 2263Γ,Abstract Material,General,,204.96,204.96,204.96,204.96,1,CNY,138.35,0.675,2,1,Building works,详细工程报价（ΓΓΔΕ）,建筑工程,建筑工程 - 第22章
2127,在岩石土壤中，除花岗岩-碎屑岩外，不使用爆炸物,Abstract Material,General,,602.86,602.86,602.86,602.86,1,CNY,783.72,1.3,2,2,Building works,详细工程报价（ΓΓΔΕ）,建筑工程,第21章 建筑工程
390.1,"Χ1 - 30 - 390.21 Χ2 - 120 - 390.41 L1 - 800 - .2 Χ1 - 60 - .22 Χ2 - 150 - .42 L1 - 850 - .3 Χ1 - 90 - .23 ΧΧ2 - 30 - .43 L1 - 900 - .4 Χ1 -120 - .24 ΧΧ2 - 60 - .44 L1 - 950 - .5 ΧΧ2 - 90 - .45 L1 - 1000 - .6 ΧΧ1- 30 - .26 ΧΧ2 -120 - .46 L1 - 1050 - .7 ΧΧ1- 60 - .27 ΧΧ2 -150 - .47 L1-1100 - .8 ΧΧ1- 90 - .28 ΧΧ2 -180 - .48 L1-1150 - .9 ΧΧ1 - 120 - .29 ΧΧ2 -210 - .49 L1 - 1200 - .10 ΧΧ1 - 150 - .30 ΧΧ2 -240 - .50 L1 - 1250 - .11 ΧΧ1 - 180 - .31 ΧΧ2 -300 6840,00 .51 L1 - 1300 - .12 ΧΧ1 - 210 - .32 ΧΧ2 -360 - .52 L1 - 1350 - .13 ΧΧ1 - 240 - .33 ΧΧ2 -420 - .53 L1 - 1400 - .14 ΧΧ1 – 300 4704,00 .34 ΧΧ2 -480 - .54 L1 - 1450 - .15 ΧΧ1 - 360 - .35 L1 - 500 - .55 L1 - 400 (α) - .16 ΧΧ1 - 420 - .36 L1 - 550 - .56 L1 - 800 (β) - .17 ΧΧ1 - 480 - .37 L1 - 600 - .57 L1 – 1200 (γ) - .18 Χ2 - 30 - .38 L1 - 650 - .58 L2 - 500 - .19 Χ2 - 60 - .39 L1 - 700 - .59 L2 - 550 - .20 Χ2 - 90 - .40 L1 - 750",Material,General,,0.0,0.0,0.0,0.0,0,CNY,0.0,0.575,2,1,Hydraulic works,详细工程报价（ΓΓΔΕ）,水利工程,液压工程 - 第64章
2263Δ,ΟΙΚ 2263Δ,Abstract Material,General,,269.01,269.01,269.01,269.01,1,CNY,181.58,0.675,2,1,Building works,详细工程报价（ΓΓΔΕ）,建筑工程,建筑工程 - 第22章
233.1,"钢筋混凝土用抗拉钢筋 (Χ.Ο.Σ.) kg 0,694 .2 钢筋混凝土用结构钢筋网 (ST. IV) kg 0,6398 .3 混凝土预应力钢筋",Material,General,kg,3.61,3.61,3.61,3.61,1,CNY,3.79,1.05,2,2,Hydraulic works,详细工程报价（ΓΓΔΕ）,水利工程,液压工程 - 第63章
469,特殊挖掘产品运输车，型号SALZGITTER BZ 40或类似,Equipment,General,HΜ,562.85,562.85,562.85,562.85,1,CNY,562.85,1.0,2,2,Hydraulic works,详细工程报价（ΓΓΔΕ）,水利工程,液压工程 - 第57章
470,电动轨道牵引机，SIG ETB 70 型，配备三个电池组及辅助配件或,Equipment,General,HΜ,453.93,453.93,453.93,453.93,1,CNY,453.93,1.0,2,2,Hydraulic works,详细工程报价（ΓΓΔΕ）,水利工程,液压工程 - 第57章
386,钢弹簧箱，钢卷轴，用于轴线1英寸，包括轴承,Material,General,件,184.63,184.63,184.63,184.63,1,CNY,64.62,0.35,2,2,Building works,详细工程报价（ΓΓΔΕ）,建筑工程,建筑工程 - 第62章
389.1,"SI- 60 - 389.4 SI - 250 5568,00 389.7 SI - 700 - .2 SI - 125 - .5 SI - 350 - .8 SI - 1000 - .3 SI - 180 - .6 SI - 500 - .9 SI - 1400",Material,General,,0.0,0.0,0.0,0.0,0,CNY,0.0,0.6,2,1,Hydraulic works,详细工程报价（ΓΓΔΕ）,水利工程,液压工程 - 第64章
290,穿孔角钢板，标准型（41 χ 62 χ 2 mm）,Material,General,m,23.67,23.67,23.67,23.67,1,CNY,71.0,3.0,2,2,Building works,详细工程报价（ΓΓΔΕ）,建筑工程,建筑工程 - 第61章
387.1,"500/ 500 - 387.5 1250/1250 - .2 630/ 630 - .6 1400/1400 - .3 800/ 800 17980,00 .7 1600/1600 - .4 1000/1000",Material,General,,0.0,0.0,0.0,0.0,0,CNY,0.0,0.55,2,1,Hydraulic works,详细工程报价（ΓΓΔΕ）,水利工程,液压工程 - 第64章
385.1,"带盖的管体、""HP""型闸阀和操作轮 - .2 防冻系统 - .3 水表 - .4 压力调节器，标准压力为12.5巴，范围从2.5到5巴 - .5 限流装置，5、12或15 It/s - YD 386。固定水位吸水器（MET）类型（T = €/件） a) 固定水位吸水器 b) 固定水位吸水器 c) 固定水位吸水器 d) 混合式逆流水位吸水器（AMIL）下游水位（AVIO）下游水位（AVIS）（VANNES MIXTES） 高水位 高水位 具有隔膜的类型。 T 类型。 T 类型。 T 类型。 T 类型。 T 编号。 编号。 编号。 编号。 .1 D.80 - .22 28/ 6 - .48 56/106 - .68 160/140 - .2 D.90 - .23 36/ 10 - .49 71/132 - .69 160/180 - .3 D.100 - .24 45/ 16 - .50 90/170 - .70 200/180 - .4 D.110 - .25 56/ 25 - .51 110/212 - .71 200/224 - .5 D.125 - .26 71/ 40 - .52 140/265 - .72 250/224 - .6 D.140 - .27 90/ 63 - .53 160/300 111968,00 - .73 250/280 - .7 D.160 - .28 110/100 - .54 180/335 - .74 315/280 - .8 D.180 - .29 140/160 - .55 200/375 - .75 315/355 - .9 D.200 21433,00 - .30 160/200 94454,00 - .56 220/425 - 无隔膜 .10 D.220 - .31 180/250 - .57 250/475 - .76 160/140 - .11 D.250 - .32 200/315 - .58 280/630 - .77 160/180 - .12 D.280 - .33 220/400 - 低水位 .78 200/180 - .13 D.315 - .34 250/500 - .59 90/190 - .79 200/224 - .14 D.355 - .35 280/630 - .60 110/236 - .80 250/224 - .15 D.400 - 低水位 .61 140/300 - .81 250/280 - .16 D.450 - .36 45/32 - .62 160/335 - .82 315/280 - .17 D.500 - .37 56/50 - .63 180/375 - .83 315/355 - .18 D.560 - .38 71/ 80 - .64 200/425 128349,00 - .19 D.630 - .39 90/125 - .65 250/475 - .20 D.710 - .40 110/ 200 64170,00 - .21 D.800 - .41 140/ 315 - .42 160/ 400 - .43 180/ 500 - .44 200/ 630 - .45 220/ 800 - .46 250/1000 - .47 280/1250",Material,General,,0.0,0.0,0.0,0.0,0,CNY,0.0,1.0,2,2,Hydraulic works,详细工程报价（ΓΓΔΕ）,水利工程,液压工程 - 第66章
260,钢筋，圆截面（Χ.Ο.Σ.）,Material,General,kg,3.61,3.61,3.61,3.61,1,CNY,18.98,5.265,2,2,Building works,详细工程报价（ΓΓΔΕ）,建筑工程,建筑工程 - 第38章
262,钢筋螺旋钢筋（Χ.Ο.Σ.）,Material,General,kg,86.6,3.61,169.6,86.6,2,CNY,86.66,1.015,2,2,Building works,详细工程报价（ΓΓΔΕ）,建筑工程,建筑工程 - 第38章
4601.1,ΟΙΚ 4601.1,Abstract Material,General,,0.0,0.0,0.0,0.0,0,CNY,0.0,1.7,2,2,Building works,详细工程报价（ΓΓΔΕ）,建筑工程,第46章 建筑工程
1472,ΟΙΚ 1472,Abstract Material,General,,45.22,45.22,45.22,45.22,1,CNY,45.22,1.0,2,2,Building works,详细工程报价（ΓΓΔΕ）,建筑工程,建筑工程 - 第54章
1474,ΟΙΚ 1474,Abstract Material,General,,93.59,93.59,93.59,93.59,1,CNY,93.59,1.0,2,2,Building works,详细工程报价（ΓΓΔΕ）,建筑工程,建筑工程 - 第54章
1475,ΟΙΚ 1475,Abstract Material,General,,260.52,260.52,260.52,260.52,1,CNY,234.47,0.9,2,2,Building works,详细工程报价（ΓΓΔΕ）,建筑工程,建筑工程 - 第54章
380,塑料卷材，预制硬质氯化聚乙烯带百叶窗，空腔后增强，面积为 m2，配有金属刀片。,Material,General,kg,54.33,1.87,106.79,54.33,2,CNY,801.46,400.5,2,2,Building works,详细工程报价（ΓΓΔΕ）,建筑工程,建筑工程 - 第54章
1480,ΟΙΚ 1480,Abstract Material,General,,236.94,236.94,236.94,236.94,1,CNY,236.94,1.0,2,2,Building works,详细工程报价（ΓΓΔΕ）,建筑工程,建筑工程 - 第54章
210,松木（拉尔吉诺、野生山毛榉、国产）,Material,General,,0.0,0.0,0.0,0.0,0,CNY,0.0,0.57,2,2,Building works,详细工程报价（ΓΓΔΕ）,建筑工程,建筑工程 - 第55章
267,普通特殊断面钢筋，边长或高度为 8 至 16 厘米,Material,General,kg,6.0,6.0,6.0,6.0,1,CNY,6.24,1.04,2,2,Building works,详细工程报价（ΓΓΔΕ）,建筑工程,建筑工程 - 第61章
268,高度或边长超过 16 厘米的普通特殊断面钢筋,Material,General,kg,6.67,6.67,6.67,6.67,1,CNY,6.93,1.04,2,2,Building works,详细工程报价（ΓΓΔΕ）,建筑工程,建筑工程 - 第61章
2730Γ,道路 2730Γ,Abstract Material,General,,391.94,391.94,391.94,391.94,1,CNY,391.94,1.0,2,2,Road works,详细工程报价（ΓΓΔΕ）,道路工程,道路工程 - 第27章
495,铅封,Material,General,kg,0.0,0.0,0.0,0.0,0,CNY,0.0,0.75,2,2,Building works,详细工程报价（ΓΓΔΕ）,建筑工程,建筑工程 - 第72章
274,镀锌波纹铁皮,Material,General,kg,9.29,9.29,9.29,9.29,1,CNY,6.51,0.7,2,1,Building works,详细工程报价（ΓΓΔΕ）,建筑工程,建筑工程 - 第72章
055,白色大理石粉尘（白色大理石粉）,Material,General,kg,0.58,0.58,0.58,0.58,1,CNY,174.12,300.0,2,2,Building works,详细工程报价（ΓΓΔΕ）,建筑工程,建筑工程 - 第35章
508,"国产沥青铺面 1,00 kg/m2",Material,General,m2,5.55,5.55,5.55,5.55,1,CNY,6.38,1.15,2,2,Building works,详细工程报价（ΓΓΔΕ）,建筑工程,建筑工程 - 第72章
1458,ΟΙΚ 1458,Abstract Material,General,,0.0,0.0,0.0,0.0,0,CNY,0.0,0.0185,2,2,Building works,详细工程报价（ΓΓΔΕ）,建筑工程,第71章 建筑工程
1454,OIK 1454,Abstract Material,General,,1360.52,1360.52,1360.52,1360.52,1,CNY,25.17,0.0185,2,2,Building works,详细工程报价（ΓΓΔΕ）,建筑工程,第71章 建筑工程
1455,ΟΙΚ 1455,Abstract Material,General,,0.0,0.0,0.0,0.0,0,CNY,0.0,0.0185,2,2,Building works,详细工程报价（ΓΓΔΕ）,建筑工程,第71章 建筑工程
1459,ΟΙΚ 1459,Abstract Material,General,,1360.52,1360.52,1360.52,1360.52,1,CNY,25.17,0.0185,2,2,Building works,详细工程报价（ΓΓΔΕ）,建筑工程,第71章 建筑工程
1448,ΟΙΚ 1448,Abstract Material,General,,0.0,0.0,0.0,0.0,0,CNY,0.0,0.016,2,2,Building works,详细工程报价（ΓΓΔΕ）,建筑工程,第71章 建筑工程
1453,ΟΙΚ 1453,Abstract Material,General,,1210.78,1210.78,1210.78,1210.78,1,CNY,22.4,0.0185,2,2,Building works,详细工程报价（ΓΓΔΕ）,建筑工程,第71章 建筑工程
164,混凝土板 20 × 20 厘米，单色（白色-黑色），厚度 2 厘米,Material,General,m2,0.0,0.0,0.0,0.0,0,CNY,0.0,1.03,2,2,Building works,详细工程报价（ΓΓΔΕ）,建筑工程,第73章 - 建筑工程
298.1,"黄铜片 kg 4,33 .2 黄铜棒 kg 3,63 大理石",Material,General,,43.92,43.92,43.92,43.92,1,CNY,170.86,3.8905,2,2,Building works,详细工程报价（ΓΓΔΕ）,建筑工程,建筑工程 - 第72章
417,直径146 mm、深度100 m的旋转式地质钻机，适用于钻探岩石土壤。,Equipment,General,HΜ,867.56,867.56,867.56,867.56,1,CNY,867.56,1.0,2,2,Hydraulic works,详细工程报价（ΓΓΔΕ）,水利工程,液压工程 - 第51章
2264.2Δ,ΟΙΚ 2264.2Δ,Abstract Material,General,,409.92,409.92,409.92,409.92,1,CNY,276.7,0.675,2,1,Building works,详细工程报价（ΓΓΔΕ）,建筑工程,建筑工程 - 第22章
165,水泥砖 20 × 20 厘米马赛克，厚度 2 厘米,Material,General,,0.0,0.0,0.0,0.0,0,CNY,0.0,1.03,2,2,Building works,详细工程报价（ΓΓΔΕ）,建筑工程,第73章 - 建筑工程
4522,道路 4522,Abstract Material,General,,0.19,0.19,0.19,0.19,1,CNY,25.98,140.0,2,1,Road works,详细工程报价（ΓΓΔΕ）,道路工程,道路工程 - 第46章
7362.1,ΟΙΚ 7362.1,Abstract Material,General,,312.32,312.32,312.32,312.32,1,CNY,312.32,1.0,2,2,Building works,详细工程报价（ΓΓΔΕ）,建筑工程,第73章 - 建筑工程
2264.3A,ΟΙΚ 2264.3A,Abstract Material,General,,307.44,307.44,307.44,307.44,1,CNY,207.52,0.675,2,1,Building works,详细工程报价（ΓΓΔΕ）,建筑工程,建筑工程 - 第22章
7362.2,OIK 7362.2,Abstract Material,General,,318.9,318.9,318.9,318.9,1,CNY,318.9,1.0,2,2,Building works,详细工程报价（ΓΓΔΕ）,建筑工程,第73章 - 建筑工程
7363,铺面采用大理石瓷砖（马赛克）铺设，尺寸不超过编号6，白色或加入其他颜色瓷砖，分两层施工。对待铺设表面进行彻底清洁和冲洗，材料和混合、铺设工作--厚度为3.5厘米的马赛克铺面，使用普通水泥，白色瓷砖尺寸不超过编号8，比例为,Abstract Material,General,,361.38,361.38,361.38,361.38,1,CNY,361.38,1.0,2,2,Building works,详细工程报价（ΓΓΔΕ）,建筑工程,第73章 - 建筑工程
455,1994年8月16日之前的水泵组,Equipment,General,HΜ,1496.99,201.72,2792.26,1496.99,2,CNY,1496.99,1.0,2,2,Hydraulic works,详细工程报价（ΓΓΔΕ）,水利工程,液压工程 - 第55章
465,GUNITE 制备和喷射装置，配有约 100 米的管道和 MEYCO GM-7 型或类似的配件,Equipment,General,HΜ,661.71,661.71,661.71,661.71,1,CNY,661.71,1.0,2,2,Hydraulic works,详细工程报价（ΓΓΔΕ）,水利工程,液压工程 - 第56章
468,穿孔组合，5臂式，即4个轻型外围气动装置和一个中心式PANTOFORE型或类似的装置,Equipment,General,HΜ,562.85,562.85,562.85,562.85,1,CNY,562.85,1.0,2,2,Hydraulic works,详细工程报价（ΓΓΔΕ）,水利工程,液压工程 - 第56章
467,穿孔组合，5臂式，即4个轻型外围气动装置和一个中心式PANTOFORE型或类似的装置,Equipment,General,HΜ,2247.53,2247.53,2247.53,2247.53,1,CNY,2247.53,1.0,2,2,Hydraulic works,详细工程报价（ΓΓΔΕ）,水利工程,液压工程 - 第56章
1421,OIK 1421,Abstract Material,General,,0.0,0.0,0.0,0.0,0,CNY,0.0,0.016,2,2,Building works,详细工程报价（ΓΓΔΕ）,建筑工程,第71章 建筑工程
453,汽油动力草坪修剪机，配备一名专业工人,Equipment,General,HΜ,585.03,585.03,585.03,585.03,1,CNY,109.69,0.5938,2,2,Hydraulic works,详细工程报价（ΓΓΔΕ）,水利工程,液压工程 - 第55章
420,沥青混凝土生产装置 17.1 1200 kg 搅拌器容量装置，整体安装 17.2 组装,Equipment,General,HΜ,627.4,627.4,627.4,627.4,1,CNY,627.4,1.0,2,2,Hydraulic works,详细工程报价（ΓΓΔΕ）,水利工程,液压工程 - 第52章
472,高剪切比混合搅拌机，ATLAS CEMIX 175 型或类似型号,Equipment,General,HΜ,170.96,170.96,170.96,170.96,1,CNY,106.85,0.625,2,1,Hydraulic works,详细工程报价（ΓΓΔΕ）,水利工程,液压工程 - 第57章
478,直径146 mm、深度100 m的旋转式地质钻机，适用于钻探岩石土壤。,Equipment,General,HΜ,742.38,742.38,742.38,742.38,1,CNY,742.38,1.0,2,2,Hydraulic works,详细工程报价（ΓΓΔΕ）,水利工程,液压工程 - 第57章
477,用于井眼开发的空气提升和水喷射水泵装置（AIR LIFT 和 JET）,Equipment,General,HΜ,44.82,44.82,44.82,44.82,1,CNY,44.82,1.0,2,2,Hydraulic works,详细工程报价（ΓΓΔΕ）,水利工程,液压工程 - 第57章
481,直径146 mm、深度100 m的旋转式地质钻机，适用于钻探岩石土壤。,Equipment,General,HΜ,5239.58,5239.58,5239.58,5239.58,1,CNY,5239.58,1.0,2,2,Hydraulic works,详细工程报价（ΓΓΔΕ）,水利工程,液压工程 - 第58章
476,"泵组，配备直径为20 ins的""隔膜""型泵，抽水能力为400 It/s，深度为50 m，及其相关设备",Equipment,General,HΜ,550.73,550.73,550.73,550.73,1,CNY,550.73,1.0,2,2,Hydraulic works,详细工程报价（ΓΓΔΕ）,水利工程,液压工程 - 第57章
7372.4,ΟΙΚ 7372.4,Abstract Material,General,,0.0,0.0,0.0,0.0,0,CNY,0.0,0.4,2,2,Building works,详细工程报价（ΓΓΔΕ）,建筑工程,第73章 - 建筑工程
7372.3,ΟΙΚ 7372.3,Abstract Material,General,,323.56,323.56,323.56,323.56,1,CNY,129.42,0.4,2,2,Building works,详细工程报价（ΓΓΔΕ）,建筑工程,第73章 - 建筑工程
7372.2,OIK 7372.2,Abstract Material,General,,0.0,0.0,0.0,0.0,0,CNY,0.0,0.4,2,2,Building works,详细工程报价（ΓΓΔΕ）,建筑工程,第73章 - 建筑工程
7372.1,ΟΙΚ 7372.1,Abstract Material,General,,316.98,316.98,316.98,316.98,1,CNY,126.79,0.4,2,2,Building works,详细工程报价（ΓΓΔΕ）,建筑工程,第73章 - 建筑工程
7374.2,ΟΙΚ 7374.2,Abstract Material,General,,0.0,0.0,0.0,0.0,0,CNY,0.0,0.4,2,2,Building works,详细工程报价（ΓΓΔΕ）,建筑工程,第73章 - 建筑工程
7374.3,OIK 7374.3,Abstract Material,General,,377.51,377.51,377.51,377.51,1,CNY,151.0,0.4,2,2,Building works,详细工程报价（ΓΓΔΕ）,建筑工程,第73章 - 建筑工程
7367.2,OIK 7367.2,Abstract Material,General,,642.11,642.11,642.11,642.11,1,CNY,642.11,1.0,2,2,Building works,详细工程报价（ΓΓΔΕ）,建筑工程,第73章 - 建筑工程
7371.1,OP 7371.1,Abstract Material,General,,314.58,314.58,314.58,314.58,1,CNY,125.83,0.4,2,2,Building works,详细工程报价（ΓΓΔΕ）,建筑工程,第73章 - 建筑工程
7364.2,ΟΙΚ 7364.2,Abstract Material,General,,371.86,371.86,371.86,371.86,1,CNY,371.86,1.0,2,2,Building works,详细工程报价（ΓΓΔΕ）,建筑工程,第73章 - 建筑工程
7364.1,ΟΙΚ 7364.1,Abstract Material,General,,364.67,364.67,364.67,364.67,1,CNY,364.67,1.0,2,2,Building works,详细工程报价（ΓΓΔΕ）,建筑工程,第73章 - 建筑工程
7367.1,ΟΙΚ 7367.1,Abstract Material,General,,633.14,633.14,633.14,633.14,1,CNY,633.14,1.0,2,2,Building works,详细工程报价（ΓΓΔΕ）,建筑工程,第73章 - 建筑工程
7366,ΟΙΚ 7366,Abstract Material,General,,628.65,628.65,628.65,628.65,1,CNY,628.65,1.0,2,2,Building works,详细工程报价（ΓΓΔΕ）,建筑工程,第73章 - 建筑工程
2264.3Γ,ΟΙΚ 2264.3Γ,Abstract Material,General,,422.73,422.73,422.73,422.73,1,CNY,285.34,0.675,2,1,Building works,详细工程报价（ΓΓΔΕ）,建筑工程,建筑工程 - 第22章
2264.3Δ,ΟΙΚ 2264.3Δ,Abstract Material,General,,480.37,480.37,480.37,480.37,1,CNY,324.25,0.675,2,1,Building works,详细工程报价（ΓΓΔΕ）,建筑工程,建筑工程 - 第22章
7373.1,OIK 7373.1,Abstract Material,General,,367.04,367.04,367.04,367.04,1,CNY,146.82,0.4,2,2,Building works,详细工程报价（ΓΓΔΕ）,建筑工程,第73章 - 建筑工程
7373.2,ΟΙΚ 7373.2,Abstract Material,General,,0.0,0.0,0.0,0.0,0,CNY,0.0,0.4,2,2,Building works,详细工程报价（ΓΓΔΕ）,建筑工程,第73章 - 建筑工程
327.1,大理石水槽，宽度50厘米，厚度20至25厘米，长度50厘米，单件 - .2 大理石水槽，宽度50厘米，厚度20至25厘米，长度60厘米，单件 - .3 大理石水槽，宽度50厘米，厚度20至25厘米，长度70厘米,Material,General,件,0.0,0.0,0.0,0.0,0,CNY,0.0,0.515,2,1,Building works,详细工程报价（ΓΓΔΕ）,建筑工程,建筑工程 - 第75章
323,白色Penteli产的全身大理石阶梯，使用长度1.41米至1.80米,Material,General,m,734.19,734.19,734.19,734.19,1,CNY,844.32,1.15,2,2,Building works,详细工程报价（ΓΓΔΕ）,建筑工程,建筑工程 - 第75章
403,透明半双面玻璃，厚度 3 mm,Material,General,,92.15,92.15,92.15,92.15,1,CNY,101.37,1.1,2,2,Building works,详细工程报价（ΓΓΔΕ）,建筑工程,建筑工程 - 第76章
401,透明玻璃，厚度 2 mm,Material,General,m2,78.68,78.68,78.68,78.68,1,CNY,86.54,1.1,2,2,Building works,详细工程报价（ΓΓΔΕ）,建筑工程,建筑工程 - 第76章
409,透明玻璃，国产厚度 5 mm,Material,General,,135.62,135.62,135.62,135.62,1,CNY,149.18,1.1,2,2,Building works,详细工程报价（ΓΓΔΕ）,建筑工程,建筑工程 - 第76章
7374.4,ΟΙΚ 7374.4,Abstract Material,General,,0.0,0.0,0.0,0.0,0,CNY,0.0,0.4,2,2,Building works,详细工程报价（ΓΓΔΕ）,建筑工程,第73章 - 建筑工程
7371.2,OIK 7371.2,Abstract Material,General,,0.0,0.0,0.0,0.0,0,CNY,0.0,0.4,2,2,Building works,详细工程报价（ΓΓΔΕ）,建筑工程,第73章 - 建筑工程
406,透明雙層玻璃，厚度 4 mm,Material,General,m2,113.89,113.89,113.89,113.89,1,CNY,125.27,1.1,2,2,Building works,详细工程报价（ΓΓΔΕ）,建筑工程,建筑工程 - 第76章
2261Δ,ΟΙΚ 2261Δ,Abstract Material,General,,153.72,153.72,153.72,153.72,1,CNY,103.76,0.675,2,1,Building works,详细工程报价（ΓΓΔΕ）,建筑工程,建筑工程 - 第22章
2261Γ,ΟΙΚ 2261Γ,Abstract Material,General,,115.29,115.29,115.29,115.29,1,CNY,77.82,0.675,2,1,Building works,详细工程报价（ΓΓΔΕ）,建筑工程,建筑工程 - 第22章
2262Δ,ΟΙΚ 2262Δ,Abstract Material,General,,204.96,204.96,204.96,204.96,1,CNY,138.35,0.675,2,1,Building works,详细工程报价（ΓΓΔΕ）,建筑工程,建筑工程 - 第22章
2262Γ,ΟΙΚ 2262Γ,Abstract Material,General,,153.72,153.72,153.72,153.72,1,CNY,103.76,0.675,2,1,Building works,详细工程报价（ΓΓΔΕ）,建筑工程,建筑工程 - 第22章
239,预应力钢筋混凝土钢筋,Material,General,kg,53.52,53.52,53.52,53.52,1,CNY,35.14,0.6565,2,1,Road works,详细工程报价（ΓΓΔΕ）,道路工程,道路工程 - 第26章
322,白色Penteli产的全长1.01至1.40米的实用尺寸整块大理石阶梯,Material,General,m,642.43,642.43,642.43,642.43,1,CNY,738.79,1.15,2,2,Building works,详细工程报价（ΓΓΔΕ）,建筑工程,建筑工程 - 第75章
7374.1,ΟΙΚ 7374.1,Abstract Material,General,,370.33,370.33,370.33,370.33,1,CNY,148.13,0.4,2,2,Building works,详细工程报价（ΓΓΔΕ）,建筑工程,第73章 - 建筑工程
2264.3B,ΟΙΚ 2264.3B,Abstract Material,General,,365.08,365.08,365.08,365.08,1,CNY,246.43,0.675,2,1,Building works,详细工程报价（ΓΓΔΕ）,建筑工程,建筑工程 - 第22章
2264.1Δ,ΟΙΚ 2264.1Δ,Abstract Material,General,,294.63,294.63,294.63,294.63,1,CNY,198.88,0.675,2,1,Building works,详细工程报价（ΓΓΔΕ）,建筑工程,建筑工程 - 第22章
2264.1Γ,ΟΙΚ 2264.1Γ,Abstract Material,General,,269.01,269.01,269.01,269.01,1,CNY,181.58,0.675,2,1,Building works,详细工程报价（ΓΓΔΕ）,建筑工程,建筑工程 - 第22章
2264.1B,ΟΙΚ 2264.1B,Abstract Material,General,,236.98,236.98,236.98,236.98,1,CNY,159.97,0.675,2,1,Building works,详细工程报价（ΓΓΔΕ）,建筑工程,建筑工程 - 第22章
2264.1A,ΟΙΚ 2264.1A,Abstract Material,General,,204.96,204.96,204.96,204.96,1,CNY,138.35,0.675,2,1,Building works,详细工程报价（ΓΓΔΕ）,建筑工程,建筑工程 - 第22章
510,玻璃棉,Material,General,kg,19.48,19.48,19.48,19.48,1,CNY,27.75,1.425,2,2,Building works,详细工程报价（ΓΓΔΕ）,建筑工程,建筑工程 - 第79章
536,室内用塑料填缝腻子,Material,General,kg,16.12,16.12,16.12,16.12,1,CNY,3.63,0.225,2,2,Building works,详细工程报价（ΓΓΔΕ）,建筑工程,建筑工程 - 第79章
520,隔热隔音材料，至519，但为膨胀聚苯乙烯板,Material,General,,283.3,283.3,283.3,283.3,1,CNY,0.0,0.0,2,2,Building works,详细工程报价（ΓΓΔΕ）,建筑工程,建筑工程 - 第79章
514,膨胀聚苯乙烯板，任何厚度,Material,General,,294.39,294.39,294.39,294.39,1,CNY,0.0,0.0,2,2,Building works,详细工程报价（ΓΓΔΕ）,建筑工程,建筑工程 - 第79章
422,安全玻璃类型SECURIT，厚度10 mm,Material,General,,867.17,867.17,867.17,867.17,1,CNY,867.17,1.0,2,2,Building works,详细工程报价（ΓΓΔΕ）,建筑工程,建筑工程 - 第76章
421,安全玻璃类型 SECURIT，厚度 8 mm,Material,General,,630.95,630.95,630.95,630.95,1,CNY,630.95,1.0,2,2,Building works,详细工程报价（ΓΓΔΕ）,建筑工程,建筑工程 - 第76章
2264.2A,ΟΙΚ 2264.2A,Abstract Material,General,,256.2,256.2,256.2,256.2,1,CNY,172.93,0.675,2,1,Building works,详细工程报价（ΓΓΔΕ）,建筑工程,建筑工程 - 第22章
2264.2B,ΟΙΚ 2264.2B,Abstract Material,General,,307.44,307.44,307.44,307.44,1,CNY,207.52,0.675,2,1,Building works,详细工程报价（ΓΓΔΕ）,建筑工程,建筑工程 - 第22章
414,"钻石玻璃，厚度 3,5 mm，长度至 1",Material,General,m,135.62,135.62,135.62,135.62,1,CNY,149.18,1.1,2,2,Building works,详细工程报价（ΓΓΔΕ）,建筑工程,建筑工程 - 第76章
415,"钻石玻璃板，厚度3,5 mm，长度超过1",Material,General,m,135.62,135.62,135.62,135.62,1,CNY,149.18,1.1,2,2,Building works,详细工程报价（ΓΓΔΕ）,建筑工程,建筑工程 - 第76章
2264.2Γ,ΟΙΚ 2264.2Γ,Abstract Material,General,,358.68,358.68,358.68,358.68,1,CNY,242.11,0.675,2,1,Building works,详细工程报价（ΓΓΔΕ）,建筑工程,建筑工程 - 第22章
412,不透明（哑光）半双层玻璃，厚度3 mm,Material,General,m2,185.92,185.92,185.92,185.92,1,CNY,204.51,1.1,2,2,Building works,详细工程报价（ΓΓΔΕ）,建筑工程,建筑工程 - 第76章
7721,ΟΙΚ 7721,Abstract Material,General,,34.32,34.32,34.32,34.32,1,CNY,12.01,0.35,2,2,Building works,详细工程报价（ΓΓΔΕ）,建筑工程,建筑工程 - 第77章
7720,ΟΙΚ 7720,Abstract Material,General,,51.42,51.42,51.42,51.42,1,CNY,18.0,0.35,2,2,Building works,详细工程报价（ΓΓΔΕ）,建筑工程,建筑工程 - 第77章
511,麻布,Material,General,,3.58,3.16,4.0,3.58,2,CNY,2.08,0.625,2,2,Building works,详细工程报价（ΓΓΔΕ）,建筑工程,第23章 建筑工程
2268Δ,ΟΙΚ 2268Δ,Abstract Material,General,,883.89,883.89,883.89,883.89,1,CNY,707.11,0.8,2,1,Building works,详细工程报价（ΓΓΔΕ）,建筑工程,建筑工程 - 第22章
2267,开凿孔或窝在砌体中,Abstract Material,General,,448.35,448.35,448.35,448.35,1,CNY,358.68,0.8,2,1,Building works,详细工程报价（ΓΓΔΕ）,建筑工程,建筑工程 - 第22章
2268Γ,ΟΙΚ 2268Γ,Abstract Material,General,,819.84,819.84,819.84,819.84,1,CNY,655.87,0.8,2,1,Building works,详细工程报价（ΓΓΔΕ）,建筑工程,建筑工程 - 第22章
1490,ΟΙΚ 1490,Abstract Material,General,,10.28,10.28,10.28,10.28,1,CNY,0.93,0.09,2,2,Building works,详细工程报价（ΓΓΔΕ）,建筑工程,建筑工程 - 第77章
411,不透明（哑光）玻璃，厚度2 mm,Material,General,,172.25,172.25,172.25,172.25,1,CNY,189.47,1.1,2,2,Building works,详细工程报价（ΓΓΔΕ）,建筑工程,建筑工程 - 第76章
478,乳胶基塑料漆,Material,General,kg,19.73,19.73,19.73,19.73,1,CNY,2.66,0.135,2,2,Building works,详细工程报价（ΓΓΔΕ）,建筑工程,建筑工程 - 第77章
410,透明玻璃，国产厚度 6 mm,Material,General,m2,184.5,184.5,184.5,184.5,1,CNY,202.95,1.1,2,2,Building works,详细工程报价（ΓΓΔΕ）,建筑工程,建筑工程 - 第76章
4666.1,OP 4666.1,Abstract Material,General,,1379.9,1379.9,1379.9,1379.9,1,CNY,1379.9,1.0,2,2,Building works,详细工程报价（ΓΓΔΕ）,建筑工程,建筑工程 - 第48章
362,草坪播种用种子 kg 5.25,Material,General,,25.15,25.15,25.15,25.15,1,CNY,880.26,35.0,2,2,Landscaping / green works,详细工程报价（ΓΓΔΕ）,景观绿化工程,景观绿化工程 - 第55章
4666.2,ΟΙΚ 4666.2,Abstract Material,General,,1412.98,1412.98,1412.98,1412.98,1,CNY,1412.98,1.0,2,2,Building works,详细工程报价（ΓΓΔΕ）,建筑工程,建筑工程 - 第48章
377,木质卷帘带,Material,General,m,14.59,5.97,23.22,14.59,2,CNY,2919.88,128.0,2,2,Building works,详细工程报价（ΓΓΔΕ）,建筑工程,第14章 建筑工程
378,木制卷轴带机制,Material,General,件,49.95,3.48,96.41,49.95,2,CNY,222.32,50.5,2,2,Building works,详细工程报价（ΓΓΔΕ）,建筑工程,第14章 建筑工程
291,机械用钢丝绳,Material,General,kg,29.02,29.02,29.02,29.02,1,CNY,63.84,2.2,2,2,Building works,详细工程报价（ΓΓΔΕ）,建筑工程,建筑工程 - 第11章
022,无水石灰块,Material,General,kg,0.45,0.45,0.45,0.45,1,CNY,216.68,480.0,1,1,Building works,详细工程报价（ΓΓΔΕ）,建筑工程,第14章 建筑工程
297.1,铅在海龟中的 kg 1.80,Material,General,,12.32,12.32,12.32,12.32,1,CNY,14.78,1.2,1,1,Electromechanical works,详细工程报价（ΓΓΔΕ）,机电工程,机电工程 - 第1章
7106.5,重型预应力梁（forepoling,Abstract Material,General,,2427.61,2427.61,2427.61,2427.61,1,CNY,2427.61,1.0,1,1,Hydraulic works,详细工程报价（ΓΓΔΕ）,水利工程,液压工程 - 第71章
7106.4,重型预应力梁（forepoling,Abstract Material,General,,1942.08,1942.08,1942.08,1942.08,1,CNY,1942.08,1.0,1,1,Hydraulic works,详细工程报价（ΓΓΔΕ）,水利工程,液压工程 - 第71章
7106.3,重型预应力梁（forepoling,Abstract Material,General,,1602.22,1602.22,1602.22,1602.22,1,CNY,1602.22,1.0,1,1,Hydraulic works,详细工程报价（ΓΓΔΕ）,水利工程,液压工程 - 第71章
7106.2,重型预应力梁（forepoling,Abstract Material,General,,1359.46,1359.46,1359.46,1359.46,1,CNY,1359.46,1.0,1,1,Hydraulic works,详细工程报价（ΓΓΔΕ）,水利工程,液压工程 - 第71章
7106.1,重型预应力梁（forepoling,Abstract Material,General,,1213.8,1213.8,1213.8,1213.8,1,CNY,1213.8,1.0,1,1,Hydraulic works,详细工程报价（ΓΓΔΕ）,水利工程,液压工程 - 第71章
7017.7,爆炸性混凝土应用于地下工程之外,Abstract Material,General,,326.65,326.65,326.65,326.65,1,CNY,326.65,1.0,1,1,Hydraulic works,详细工程报价（ΓΓΔΕ）,水利工程,液压工程 - 第70章
7017.6,爆炸性混凝土应用于地下工程之外,Abstract Material,General,,503.7,503.7,503.7,503.7,1,CNY,503.7,1.0,1,1,Hydraulic works,详细工程报价（ΓΓΔΕ）,水利工程,液压工程 - 第70章
376,木制卷轴条,Material,General,件,1.42,1.42,1.42,1.42,1,CNY,227.41,160.0,1,1,Building works,详细工程报价（ΓΓΔΕ）,建筑工程,第14章 建筑工程
371,螺栓钉（木螺钉）18/20，装在144个装箱中。,Material,General,件,11.47,11.47,11.47,11.47,1,CNY,22.95,2.0,1,1,Building works,详细工程报价（ΓΓΔΕ）,建筑工程,第14章 建筑工程
581.2,排水用水泥管，直径 100 mm,Material,General,m,58.62,58.62,58.62,58.62,1,CNY,70.34,1.2,1,1,Electromechanical works,详细工程报价（ΓΓΔΕ）,机电工程,机电工程 - 第10章
582.2,铸铁排水管，离心铸造，直径 100 mm，厚度 ... mm,Material,General,m,174.12,174.12,174.12,174.12,1,CNY,226.35,1.3,1,1,Electromechanical works,详细工程报价（ΓΓΔΕ）,机电工程,机电工程 - 第1章
325,直径146 mm、深度100 m的旋转式地质钻机，适用于钻探岩石土壤。,Equipment,General,HΜ,2045.75,2045.75,2045.75,2045.75,1,CNY,2045.75,1.0,1,1,Marine / port works,详细工程报价（ΓΓΔΕ）,海洋/港口工程,海洋 / 港口工程 - 第41章
321,直径146 mm、深度100 m的旋转式地质钻机，适用于钻探岩石土壤。,Equipment,General,HΜ,1375.91,1375.91,1375.91,1375.91,1,CNY,1375.91,1.0,1,1,Marine / port works,详细工程报价（ΓΓΔΕ）,海洋/港口工程,海洋 / 港口工程 - 第41章
320,直径146 mm、深度100 m的旋转式地质钻机，适用于钻探岩石土壤。,Equipment,General,HΜ,1010.78,1010.78,1010.78,1010.78,1,CNY,1010.78,1.0,1,1,Marine / port works,详细工程报价（ΓΓΔΕ）,海洋/港口工程,海洋 / 港口工程 - 第40章
450,牵引机，配有犁或平台，或钻孔系统，或铣刨机，或割草机,Equipment,General,HΜ,742.38,742.38,742.38,742.38,1,CNY,742.38,1.0,1,1,Landscaping / green works,详细工程报价（ΓΓΔΕ）,景观绿化工程,景观绿化工程 - 第55章
575.3,地下涂层粘土管,Material,General,,0.0,0.0,0.0,0.0,0,CNY,0.0,1.2,1,1,Electromechanical works,详细工程报价（ΓΓΔΕ）,机电工程,机电工程 - 第9章
567.13,"黑色无缝钢管直径64/70 mm m 18,12 571.5.1 外径15 mm铜管，壁厚... mm m 1,58 572.1.7 硬PVC塑料管，适用于60 ˚C，排水、压力4 atm，直径100 mm",Material,General,m,123.88,123.88,123.88,123.88,1,CNY,161.05,1.3,1,1,Electromechanical works,详细工程报价（ΓΓΔΕ）,机电工程,机电工程 - 第6章
513,隔热纸板,Material,General,m2,7.74,7.74,7.74,7.74,1,CNY,1.93,0.25,1,1,Electromechanical works,详细工程报价（ΓΓΔΕ）,机电工程,机电工程 - 第40章
036,白色石膏（塑料）,Material,General,kg,0.58,0.58,0.58,0.58,1,CNY,1.75,3.0,1,1,Electromechanical works,详细工程报价（ΓΓΔΕ）,机电工程,机电工程 - 第40章
720.11,水位计，直径10厘米，指示范围0至50米，数量7.00 729.1.2 屋面风机盘管（F.C.U）局部空调设备，带外壳，供气量300 CFM,Material,General,件,58.04,58.04,58.04,58.04,1,CNY,59.2,1.02,1,1,Electromechanical works,详细工程报价（ΓΓΔΕ）,机电工程,机电工程 - 第31章
588.3,防水混凝土管道直径,Material,General,,0.0,0.0,0.0,0.0,0,CNY,0.0,1.3,1,1,Electromechanical works,详细工程报价（ΓΓΔΕ）,机电工程,机电工程 - 第3章
363,潜水作业船只完整团队，无人员和潜水员，包括船只租赁和潜水设备，或,Equipment,General,HΜ,661.71,661.71,661.71,661.71,1,CNY,661.71,1.0,1,1,Marine / port works,详细工程报价（ΓΓΔΕ）,海洋/港口工程,海洋/港口工程 - 第51章
2271Γ,ΟΙΚ 2271Γ,Abstract Material,General,,448.35,448.35,448.35,448.35,1,CNY,582.86,1.3,1,1,Building works,详细工程报价（ΓΓΔΕ）,建筑工程,建筑工程 - 第22章
2273Δ,ΟΙΚ 2273Δ,Abstract Material,General,,1665.3,1665.3,1665.3,1665.3,1,CNY,2164.89,1.3,1,1,Building works,详细工程报价（ΓΓΔΕ）,建筑工程,建筑工程 - 第22章
498,石膏角线（槽线）外部展开，断面尺寸25厘米,Material,General,m,6.39,6.39,6.39,6.39,1,CNY,7.35,1.15,1,1,Building works,详细工程报价（ΓΓΔΕ）,建筑工程,建筑工程 - 第78章
496,石膏带宽 8 厘米,Material,General,m,5.72,5.72,5.72,5.72,1,CNY,6.87,1.2,1,1,Building works,详细工程报价（ΓΓΔΕ）,建筑工程,建筑工程 - 第78章
480,腐蚀性颜料,Material,General,kg,0.0,0.0,0.0,0.0,0,CNY,0.0,0.5,1,1,Building works,详细工程报价（ΓΓΔΕ）,建筑工程,建筑工程 - 第77章
479,RELIEF塑料漆,Material,General,kg,12.1,12.1,12.1,12.1,1,CNY,12.1,1.0,1,1,Building works,详细工程报价（ΓΓΔΕ）,建筑工程,建筑工程 - 第77章
459,外用木质表面清漆,Material,General,kg,34.05,34.05,34.05,34.05,1,CNY,3.4,0.1,1,1,Building works,详细工程报价（ΓΓΔΕ）,建筑工程,建筑工程 - 第77章
458,室内木质表面清漆,Material,General,kg,34.05,34.05,34.05,34.05,1,CNY,3.4,0.1,1,1,Building works,详细工程报价（ΓΓΔΕ）,建筑工程,建筑工程 - 第77章
475,环氧树脂两组分清漆,Material,General,kg,41.38,41.38,41.38,41.38,1,CNY,5.17,0.125,1,1,Building works,详细工程报价（ΓΓΔΕ）,建筑工程,建筑工程 - 第77章
474,合成树脂清漆（Duko）,Material,General,kg,25.04,25.04,25.04,25.04,1,CNY,3.13,0.125,1,1,Building works,详细工程报价（ΓΓΔΕ）,建筑工程,建筑工程 - 第77章
465,抗裂环氧双组分,Material,General,kg,39.85,39.85,39.85,39.85,1,CNY,4.98,0.125,1,1,Building works,详细工程报价（ΓΓΔΕ）,建筑工程,建筑工程 - 第77章
464,防锈底漆，颜色为棕色,Material,General,kg,23.41,23.41,23.41,23.41,1,CNY,2.93,0.125,1,1,Building works,详细工程报价（ΓΓΔΕ）,建筑工程,建筑工程 - 第77章
7913,ΟΙΚ 7913,Abstract Material,General,,74.41,74.41,74.41,74.41,1,CNY,63.25,0.85,1,1,Building works,详细工程报价（ΓΓΔΕ）,建筑工程,建筑工程 - 第79章
7912,HDPE膜，双面锥形或球形突起，粘贴式土工布,Abstract Material,General,,76.22,76.22,76.22,76.22,1,CNY,64.79,0.85,1,1,Building works,详细工程报价（ΓΓΔΕ）,建筑工程,建筑工程 - 第79章
7911,ΟΙΚ 7911,Abstract Material,General,,67.61,67.61,67.61,67.61,1,CNY,57.47,0.85,1,1,Building works,详细工程报价（ΓΓΔΕ）,建筑工程,建筑工程 - 第79章
509,玻璃纤维布,Material,General,,2.64,2.64,2.64,2.64,1,CNY,2.91,1.1,1,1,Building works,详细工程报价（ΓΓΔΕ）,建筑工程,建筑工程 - 第79章
507,"国内沥青布，重量 2,5",Material,General,,12.12,12.12,12.12,12.12,1,CNY,13.34,1.1,1,1,Building works,详细工程报价（ΓΓΔΕ）,建筑工程,建筑工程 - 第79章
494,安全铝,Material,General,kg,35.34,35.34,35.34,35.34,1,CNY,37.11,1.05,1,1,Building works,详细工程报价（ΓΓΔΕ）,建筑工程,建筑工程 - 第79章
528,基于环氧树脂的表面防水材料，国产,Material,General,kg,44.56,44.56,44.56,44.56,1,CNY,46.79,1.05,1,1,Building works,详细工程报价（ΓΓΔΕ）,建筑工程,建筑工程 - 第79章
527,基于硅酮的表面防水材料，国产,Material,General,kg,33.02,33.02,33.02,33.02,1,CNY,34.67,1.05,1,1,Building works,详细工程报价（ΓΓΔΕ）,建筑工程,建筑工程 - 第79章
490,沥青材料,Material,General,kg,4.71,4.71,4.71,4.71,1,CNY,5.08,1.08,1,1,Building works,详细工程报价（ΓΓΔΕ）,建筑工程,建筑工程 - 第79章
505,百叶窗预制件（VENETIAN BLINDS）待安装,Material,General,,123.62,123.62,123.62,123.62,1,CNY,123.62,1.0,1,1,Building works,详细工程报价（ΓΓΔΕ）,建筑工程,建筑工程 - 第78章
504,粉刷石膏板，直径或大边长 50 厘米,Material,General,件,7.58,7.58,7.58,7.58,1,CNY,9.85,1.3,1,1,Building works,详细工程报价（ΓΓΔΕ）,建筑工程,建筑工程 - 第78章
503,直径或最大边长为 40 cm 的石膏板,Material,General,件,5.72,5.72,5.72,5.72,1,CNY,6.87,1.2,1,1,Building works,详细工程报价（ΓΓΔΕ）,建筑工程,建筑工程 - 第78章
502,18 mm 厚度的石膏板,Material,General,,24.38,24.38,24.38,24.38,1,CNY,29.25,1.2,1,1,Building works,详细工程报价（ΓΓΔΕ）,建筑工程,建筑工程 - 第78章
501,石膏板，厚度 12 mm,Material,General,m2,17.41,17.41,17.41,17.41,1,CNY,20.89,1.2,1,1,Building works,详细工程报价（ΓΓΔΕ）,建筑工程,建筑工程 - 第78章
463,防锈涂料,Material,General,kg,26.37,26.37,26.37,26.37,1,CNY,3.3,0.125,1,1,Building works,详细工程报价（ΓΓΔΕ）,建筑工程,建筑工程 - 第77章
462,Μίνιο θιξοτροπικό (Ντούκο),Material,General,kg,0.0,0.0,0.0,0.0,0,CNY,0.0,0.25,1,1,Building works,详细工程报价（ΓΓΔΕ）,建筑工程,建筑工程 - 第77章
471,水泥色,Material,General,kg,25.54,25.54,25.54,25.54,1,CNY,7.66,0.3,1,1,Building works,详细工程报价（ΓΓΔΕ）,建筑工程,建筑工程 - 第77章
430,"玻璃地板板，尺寸30 χ 30 cm，厚度3 cm，数量7,48",Material,General,,48.24,48.24,48.24,48.24,1,CNY,53.06,1.1,1,1,Building works,详细工程报价（ΓΓΔΕ）,建筑工程,建筑工程 - 第76章
429,玻璃地板板，尺寸为25 χ 25 cm，厚度为3 cm,Material,General,件,34.76,34.76,34.76,34.76,1,CNY,38.23,1.1,1,1,Building works,详细工程报价（ΓΓΔΕ）,建筑工程,建筑工程 - 第76章
428,玻璃地板板，尺寸 20 χ 20 cm，厚度 3 cm,Material,General,件,28.31,28.31,28.31,28.31,1,CNY,31.14,1.1,1,1,Building works,详细工程报价（ΓΓΔΕ）,建筑工程,建筑工程 - 第76章
426,直径146 mm、深度100 m的旋转式地质钻机，适用于钻探岩石土壤。,Equipment,General,HΜ,0.0,0.0,0.0,0.0,0,CNY,0.0,1.1,1,1,Building works,详细工程报价（ΓΓΔΕ）,建筑工程,建筑工程 - 第76章
512,塑料膜（尼龙）,Material,General,m2,2.82,2.82,2.82,2.82,1,CNY,2.82,1.0,1,1,Building works,详细工程报价（ΓΓΔΕ）,建筑工程,第23章 建筑工程
2271Θ,ΟΙΚ 2271Θ,Abstract Material,General,,832.65,832.65,832.65,832.65,1,CNY,1082.45,1.3,1,1,Building works,详细工程报价（ΓΓΔΕ）,建筑工程,建筑工程 - 第22章
2271Δ,ΟΙΚ 2271Δ,Abstract Material,General,,512.4,512.4,512.4,512.4,1,CNY,666.12,1.3,1,1,Building works,详细工程报价（ΓΓΔΕ）,建筑工程,建筑工程 - 第22章
7463,硬质大理石瓷砖铺设，规格一致，平整切割。包括现场碎裂大理石瓷砖的供应和运输、抛光、铺设及清洁材料--硬质至极硬大理石瓷砖铺设，厚度3厘米，比例为每平方米11至25块。,Abstract Material,General,,1676.03,1676.03,1676.03,1676.03,1,CNY,1676.03,1.0,1,1,Building works,详细工程报价（ΓΓΔΕ）,建筑工程,建筑工程 - 第75章
2273Γ,ΟΙΚ 2273Γ,Abstract Material,General,,1473.15,1473.15,1473.15,1473.15,1,CNY,1915.09,1.3,1,1,Building works,详细工程报价（ΓΓΔΕ）,建筑工程,建筑工程 - 第22章
2272Θ,ΟΙΚ 2272Θ,Abstract Material,General,,1101.66,1101.66,1101.66,1101.66,1,CNY,1432.16,1.3,1,1,Building works,详细工程报价（ΓΓΔΕ）,建筑工程,建筑工程 - 第22章
2272Δ,ΟΙΚ 2272Δ,Abstract Material,General,,653.31,653.31,653.31,653.31,1,CNY,849.3,1.3,1,1,Building works,详细工程报价（ΓΓΔΕ）,建筑工程,建筑工程 - 第22章
2272Γ,ΟΙΚ 2272Γ,Abstract Material,General,,563.64,563.64,563.64,563.64,1,CNY,732.73,1.3,1,1,Building works,详细工程报价（ΓΓΔΕ）,建筑工程,建筑工程 - 第22章
419,"钢化玻璃，厚度 6,5 mm，长度超过 1",Material,General,m,189.92,189.92,189.92,189.92,1,CNY,208.91,1.1,1,1,Building works,详细工程报价（ΓΓΔΕ）,建筑工程,建筑工程 - 第76章
418,"钢化玻璃，厚度 6,5 mm，长度至 1",Material,General,m,189.92,189.92,189.92,189.92,1,CNY,208.91,1.1,1,1,Building works,详细工程报价（ΓΓΔΕ）,建筑工程,建筑工程 - 第76章
500,石膏角线（槽线）外部展开断面尺寸50厘米,Material,General,m,12.89,12.89,12.89,12.89,1,CNY,14.82,1.15,1,1,Building works,详细工程报价（ΓΓΔΕ）,建筑工程,建筑工程 - 第78章
499,石膏角线（槽线）外部展开尺寸为 35 厘米,Material,General,m,8.76,8.76,8.76,8.76,1,CNY,10.08,1.15,1,1,Building works,详细工程报价（ΓΓΔΕ）,建筑工程,建筑工程 - 第78章
535,吸声板，厚度25 mm，Heraklith 型,Material,General,,45.46,45.46,45.46,45.46,1,CNY,52.28,1.15,1,1,Building works,详细工程报价（ΓΓΔΕ）,建筑工程,建筑工程 - 第79章
531,本地砂浆快干材料,Material,General,kg,7.61,7.61,7.61,7.61,1,CNY,7.84,1.03,1,1,Building works,详细工程报价（ΓΓΔΕ）,建筑工程,建筑工程 - 第79章
3211,供应、现场运输、摊铺和压实混凝土，使用泵车或塔式起重机 根据规范的规定，生产或供应并现场运输任何类别或质量的混凝土，符合 C8/10 类别的混凝土规定。,Abstract Material,General,,825.13,825.13,825.13,825.13,1,CNY,16.5,0.02,1,1,Building works,详细工程报价（ΓΓΔΕ）,建筑工程,建筑工程 - 第75章
7564,大理石板材铺设，长度不超过2.00米，沿垂直或倾斜墙面，无论高度。碎裂大理石及研磨、涂层材料（水泥砂浆和石膏砂浆）以及- 硬质大理石厚度3厘米的铺设。,Abstract Material,General,,1752.61,1752.61,1752.61,1752.61,1,CNY,2628.92,1.5,1,1,Building works,详细工程报价（ΓΓΔΕ）,建筑工程,建筑工程 - 第75章
7563,大理石板材铺设，长度不超过2.00米，垂直或倾斜墙面，任何高度。碎裂大理石及研磨、涂层材料（水泥砂浆和石膏砂浆）以及- 硬质大理石厚度为2厘米的铺设。,Abstract Material,General,,1341.63,1341.63,1341.63,1341.63,1,CNY,2012.45,1.5,1,1,Building works,详细工程报价（ΓΓΔΕ）,建筑工程,建筑工程 - 第75章
7562,墙面用大理石板材铺设，长度不超过2.00米，适用于垂直或倾斜墙面，任何高度。大理石为片岩，包含研磨、抹灰（水泥砂浆和石膏砂浆）材料，以及- 软质大理石厚度为3厘米的铺设。,Abstract Material,General,,1624.29,1624.29,1624.29,1624.29,1,CNY,2436.43,1.5,1,1,Building works,详细工程报价（ΓΓΔΕ）,建筑工程,建筑工程 - 第75章
7561,由大理石板铺设的墙面抹灰，长度不超过2.00米，适用于垂直或倾斜墙面，任何高度。碎裂大理石及研磨、涂层材料（水泥砂浆和石膏砂浆）以及- 由2厘米厚的软大理石制成的墙面抹灰。,Abstract Material,General,,1264.63,1264.63,1264.63,1264.63,1,CNY,1896.94,1.5,1,1,Building works,详细工程报价（ΓΓΔΕ）,建筑工程,建筑工程 - 第75章
338,板岩大理石，厚度5厘米，正方形，长度超过1.50米，产自Penteli（白色）,Material,General,m2,0.0,0.0,0.0,0.0,0,CNY,0.0,0.35,1,1,Building works,详细工程报价（ΓΓΔΕ）,建筑工程,建筑工程 - 第75章
530,塑料化材料，国产,Material,General,kg,14.12,14.12,14.12,14.12,1,CNY,14.55,1.03,1,1,Building works,详细工程报价（ΓΓΔΕ）,建筑工程,建筑工程 - 第79章
529,密封材料，国产,Material,General,kg,9.03,9.03,9.03,9.03,1,CNY,9.3,1.03,1,1,Building works,详细工程报价（ΓΓΔΕ）,建筑工程,建筑工程 - 第79章
2611,钢筋混凝土钢筋 B500A,Abstract Material,General,,8.27,8.27,8.27,8.27,1,CNY,8.27,1.0,1,1,Road works,详细工程报价（ΓΓΔΕ）,道路工程,道路工程 - 第27章
2551,在地面以上10.0米以上的土层施工基础部分，以及相应的挡土墙、基础帽、承重梁、端头等，采用钢筋混凝土C30/37,Abstract Material,General,,1047.49,1047.49,1047.49,1047.49,1,CNY,1047.49,1.0,1,1,Road works,详细工程报价（ΓΓΔΕ）,道路工程,道路工程 - 第27章
2350,道路 2350,Abstract Material,General,,61.88,61.88,61.88,61.88,1,CNY,61.88,1.0,1,1,Road works,详细工程报价（ΓΓΔΕ）,道路工程,道路工程 - 第24章
329,"沥青胶合剂 kg 0,66 其他材料",Material,General,,4.71,4.71,4.71,4.71,1,CNY,9.42,2.0,1,1,Road works,详细工程报价（ΓΓΔΕ）,道路工程,道路工程 - 第24章
1441,ΟΙΚ 1441,Abstract Material,General,,174.83,174.83,174.83,174.83,1,CNY,0.52,0.003,1,1,Building works,详细工程报价（ΓΓΔΕ）,建筑工程,第73章 - 建筑工程
175,从 10 8 透气器（WAGON DRILL） 8.1 ATLAS COPCO ROC D7 146 HP 8.2 PCR 200A FURUCAWA 200 HP 8.3 ATLAS C,Equipment,General,HΜ,0.0,0.0,0.0,0.0,0,CNY,0.0,95.0,1,1,Building works,详细工程报价（ΓΓΔΕ）,建筑工程,第73章 - 建筑工程
7453,以等大小大理石瓷砖铺设地板。包括现场碎裂大理石瓷砖的供应和运输、抛光、铺设及清洁材料 - 以厚度3厘米的软大理石瓷砖铺设，比例为每平方米11至25块。,Abstract Material,General,,1552.84,1552.84,1552.84,1552.84,1,CNY,1552.84,1.0,1,1,Building works,详细工程报价（ΓΓΔΕ）,建筑工程,建筑工程 - 第75章
7443,硬质大理石瓷砖铺设，包括采购和现场运输裂纹大理石瓷砖、抛光材料、铺设和清洁。硬质至极硬大理石瓷砖，厚度为2厘米，铺设密度为每平方米11至25块。,Abstract Material,General,,1306.48,1306.48,1306.48,1306.48,1,CNY,1306.48,1.0,1,1,Building works,详细工程报价（ΓΓΔΕ）,建筑工程,建筑工程 - 第75章
7433,地板铺设，使用等大小的大理石瓷砖，切割整齐。包括现场碎裂大理石瓷砖的供应和运输、抛光、铺设及清洁材料 - 使用厚度为2厘米的软大理石瓷砖铺设，比例为每平方米11至25块。,Abstract Material,General,,1231.3,1231.3,1231.3,1231.3,1,CNY,1231.3,1.0,1,1,Building works,详细工程报价（ΓΓΔΕ）,建筑工程,建筑工程 - 第75章
526,边缘保护塑料角,Material,General,m,9.03,9.03,9.03,9.03,1,CNY,9.93,1.1,1,1,Building works,详细工程报价（ΓΓΔΕ）,建筑工程,第73章 - 建筑工程
525,合成纤维铺面,Material,General,m2,50.56,50.56,50.56,50.56,1,CNY,54.1,1.07,1,1,Building works,详细工程报价（ΓΓΔΕ）,建筑工程,第73章 - 建筑工程
524,任何尺寸的聚乙烯塑料板，厚度2 mm，m2 国内,Material,General,,48.37,48.37,48.37,48.37,1,CNY,55.62,1.15,1,1,Building works,详细工程报价（ΓΓΔΕ）,建筑工程,第73章 - 建筑工程
523,聚乙烯塑料盖，厚度2 mm，国产,Material,General,,48.37,48.37,48.37,48.37,1,CNY,58.04,1.2,1,1,Building works,详细工程报价（ΓΓΔΕ）,建筑工程,第73章 - 建筑工程
447,抛光剂用于马赛克,Material,General,kg,29.18,29.18,29.18,29.18,1,CNY,1.46,0.05,1,1,Building works,详细工程报价（ΓΓΔΕ）,建筑工程,第73章 - 建筑工程
456,金属色用于马赛克,Material,General,kg,10.69,10.69,10.69,10.69,1,CNY,1.07,0.1,1,1,Building works,详细工程报价（ΓΓΔΕ）,建筑工程,第73章 - 建筑工程
355,硫酸铝膏 0.1183,Material,General,,0.79,0.79,0.79,0.79,1,CNY,0.2,0.25,1,1,Road works,详细工程报价（ΓΓΔΕ）,道路工程,道路工程 - 第66章
353,油漆底漆（生锈防护底漆）,Material,General,kg,23.41,23.41,23.41,23.41,1,CNY,3.75,0.16,1,1,Road works,详细工程报价（ΓΓΔΕ）,道路工程,道路工程 - 第66章
234,钢筋和方钢,Material,General,kg,5.61,5.61,5.61,5.61,1,CNY,269.49,48.0,1,1,Road works,详细工程报价（ΓΓΔΕ）,道路工程,道路工程 - 第52章
325,防水材料,Material,General,kg,17.93,17.93,17.93,17.93,1,CNY,17.93,1.0,1,1,Road works,详细工程报价（ΓΓΔΕ）,道路工程,道路工程 - 第48章
4120,沥青粘结剂密封,Abstract Material,General,,3.31,3.31,3.31,3.31,1,CNY,3.31,1.0,1,1,Road works,详细工程报价（ΓΓΔΕ）,道路工程,道路工程 - 第46章
4120.1,沥青粘结剂密封,Abstract Material,General,,1.47,1.47,1.47,1.47,1,CNY,1.47,1.0,1,1,Road works,详细工程报价（ΓΓΔΕ）,道路工程,道路工程 - 第46章
1467,ΟΙΚ 1467,Abstract Material,General,,568.74,568.74,568.74,568.74,1,CNY,8.53,0.015,1,1,Building works,详细工程报价（ΓΓΔΕ）,建筑工程,第71章 建筑工程
173,白色瓷砖 15 χ 15 cm,Material,General,件,1.65,1.65,1.65,1.65,1,CNY,79.27,48.0,1,1,Building works,详细工程报价（ΓΓΔΕ）,建筑工程,第73章 - 建筑工程
166,水泥平板单色或马赛克，长度20厘米，高度6.5至10厘米，厚度2厘米,Material,General,m,0.0,0.0,0.0,0.0,0,CNY,0.0,1.05,1,1,Building works,详细工程报价（ΓΓΔΕ）,建筑工程,第73章 - 建筑工程
163,混凝土板，厚度 2 至 3 cm，面积，边长 21 至 30 cm,Material,General,,40.11,40.11,40.11,40.11,1,CNY,42.12,1.05,1,1,Building works,详细工程报价（ΓΓΔΕ）,建筑工程,第73章 - 建筑工程
161,混凝土板厚度5厘米，面积超过30厘米的正方形，半白色A类,Material,General,m2,38.95,38.95,38.95,38.95,1,CNY,40.9,1.05,1,1,Building works,详细工程报价（ΓΓΔΕ）,建筑工程,第73章 - 建筑工程
155,人工大理石瓷砖边缘（腰线）宽度7 cm，厚度2 cm，抛光,Material,General,m,14.4,14.4,14.4,14.4,1,CNY,15.12,1.05,1,1,Building works,详细工程报价（ΓΓΔΕ）,建筑工程,第73章 - 建筑工程
181,波纹石棉水泥板（国家希腊标准NHS 8/1971 令第147/1971号公告）厚度6毫米，高度51毫米 - 木材,Material,General,,0.0,0.0,0.0,0.0,0,CNY,0.0,1.2,1,1,Building works,详细工程报价（ΓΓΔΕ）,建筑工程,建筑工程 - 第72章
146,"法式瓷砖，尺寸 40,5 χ 24,5 cm",Material,General,件,2.68,2.68,2.68,2.68,1,CNY,40.14,15.0,1,1,Building works,详细工程报价（ΓΓΔΕ）,建筑工程,建筑工程 - 第72章
1464,ΟΙΚ 1464,Abstract Material,General,,368.68,368.68,368.68,368.68,1,CNY,5.53,0.015,1,1,Building works,详细工程报价（ΓΓΔΕ）,建筑工程,第71章 建筑工程
1463,ΟΙΚ 1463,Abstract Material,General,,497.69,497.69,497.69,497.69,1,CNY,7.47,0.015,1,1,Building works,详细工程报价（ΓΓΔΕ）,建筑工程,第71章 建筑工程
263,"钢筋混凝土管，直径 0,40 m",Material,General,,208.94,208.94,208.94,208.94,1,CNY,208.94,1.0,1,1,Road works,详细工程报价（ΓΓΔΕ）,道路工程,道路工程 - 第28章
466,电动空压机 600 ft3/min 型号 ATLAS DT.4，配有 1/2 气罐或类似设备,Equipment,General,HΜ,308.64,308.64,308.64,308.64,1,CNY,308.64,1.0,1,1,Hydraulic works,详细工程报价（ΓΓΔΕ）,水利工程,液压工程 - 第56章
464,每日生产能力为800立方米的骨料生产装置，包括筛子、输送带、洗涤机、破碎机,Equipment,General,HΜ,2473.56,2473.56,2473.56,2473.56,1,CNY,2473.56,1.0,1,1,Hydraulic works,详细工程报价（ΓΓΔΕ）,水利工程,液压工程 - 第56章
463,"振动压路机，牵引式，重量5,7吨",Equipment,General,HΜ,282.46,282.46,282.46,282.46,1,CNY,282.46,1.0,1,1,Hydraulic works,详细工程报价（ΓΓΔΕ）,水利工程,液压工程 - 第56章
462,17吨自卸式载重汽车,Equipment,General,HΜ,2247.53,2247.53,2247.53,2247.53,1,CNY,2247.53,1.0,1,1,Hydraulic works,详细工程报价（ΓΓΔΕ）,水利工程,液压工程 - 第56章
461,17吨自卸式载重汽车,Equipment,General,HΜ,1541.45,1541.45,1541.45,1541.45,1,CNY,1541.45,1.0,1,1,Hydraulic works,详细工程报价（ΓΓΔΕ）,水利工程,液压工程 - 第56章
460,"挖掘机 4,5 立方码",Equipment,General,HΜ,3365.56,3365.56,3365.56,3365.56,1,CNY,3365.56,1.0,1,1,Hydraulic works,详细工程报价（ΓΓΔΕ）,水利工程,液压工程 - 第55章
459,挖掘机 3,Equipment,General,HΜ,2721.71,2721.71,2721.71,2721.71,1,CNY,2721.71,1.0,1,1,Hydraulic works,详细工程报价（ΓΓΔΕ）,水利工程,液压工程 - 第55章
454,喷洒机（6 t油罐车，带喷洒系统,Equipment,General,HΜ,627.4,627.4,627.4,627.4,1,CNY,627.4,1.0,1,1,Hydraulic works,详细工程报价（ΓΓΔΕ）,水利工程,液压工程 - 第55章
452,手动铣床，配备专业工人,Equipment,General,HΜ,664.61,664.61,664.61,664.61,1,CNY,664.61,1.0,1,1,Hydraulic works,详细工程报价（ΓΓΔΕ）,水利工程,液压工程 - 第55章
451,螺栓式井口装置,Equipment,General,HΜ,31.41,31.41,31.41,31.41,1,CNY,125.62,4.0,1,1,Hydraulic works,详细工程报价（ΓΓΔΕ）,水利工程,液压工程 - 第55章
2117,在岩石地段，除非使用爆炸性材料，否则不包括花岗岩碎石。,Abstract Material,General,,436.0,436.0,436.0,436.0,1,CNY,566.8,1.3,1,1,Building works,详细工程报价（ΓΓΔΕ）,建筑工程,第21章 建筑工程
2115,在岩石地基上，除花岗岩-碎屑岩外，可使用爆炸物。,Abstract Material,General,,261.53,261.53,261.53,261.53,1,CNY,339.99,1.3,1,1,Building works,详细工程报价（ΓΓΔΕ）,建筑工程,第21章 建筑工程
480,直径146 mm、深度100 m的旋转式地质钻机，适用于钻探岩石土壤。,Equipment,General,HΜ,175.54,175.54,175.54,175.54,1,CNY,175.54,1.0,1,1,Hydraulic works,详细工程报价（ΓΓΔΕ）,水利工程,液压工程 - 第57章
479,直径146 mm、深度100 m的旋转式地质钻机，适用于钻探岩石土壤。,Equipment,General,HΜ,1194.32,1194.32,1194.32,1194.32,1,CNY,1194.32,1.0,1,1,Hydraulic works,详细工程报价（ΓΓΔΕ）,水利工程,液压工程 - 第57章
471,旋转式气动钻机 GRAELIUS 型 X 4 或类似设备，带泵、立柱等。,Equipment,General,HΜ,393.38,393.38,393.38,393.38,1,CNY,393.38,1.0,1,1,Hydraulic works,详细工程报价（ΓΓΔΕ）,水利工程,液压工程 - 第57章
1466,ΟΙΚ 1466,Abstract Material,General,,605.42,605.42,605.42,605.42,1,CNY,9.08,0.015,1,1,Building works,详细工程报价（ΓΓΔΕ）,建筑工程,第71章 建筑工程
1465,OIK 1465,Abstract Material,General,,621.15,621.15,621.15,621.15,1,CNY,9.32,0.015,1,1,Building works,详细工程报价（ΓΓΔΕ）,建筑工程,第71章 建筑工程
1462,OIK 1462,Abstract Material,General,,579.5,579.5,579.5,579.5,1,CNY,8.69,0.015,1,1,Building works,详细工程报价（ΓΓΔΕ）,建筑工程,第71章 建筑工程
288,钢筋网片,Material,General,m2,13.28,13.28,13.28,13.28,1,CNY,13.95,1.05,1,1,Building works,详细工程报价（ΓΓΔΕ）,建筑工程,建筑工程 - 第64章
286,钢筋网格,Material,General,,12.24,12.24,12.24,12.24,1,CNY,12.85,1.05,1,1,Building works,详细工程报价（ΓΓΔΕ）,建筑工程,建筑工程 - 第64章
285,镀锌带刺钢丝 1.6 mm,Material,General,m,0.55,0.55,0.55,0.55,1,CNY,0.61,1.1,1,1,Building works,详细工程报价（ΓΓΔΕ）,建筑工程,建筑工程 - 第64章
3833,ΟΙΚ 3833,Abstract Material,General,,971.12,971.12,971.12,971.12,1,CNY,194.22,0.2,1,1,Building works,详细工程报价（ΓΓΔΕ）,建筑工程,建筑工程 - 第38章
3831,ΟΙΚ 3831,Abstract Material,General,,772.16,772.16,772.16,772.16,1,CNY,115.82,0.15,1,1,Building works,详细工程报价（ΓΓΔΕ）,建筑工程,建筑工程 - 第38章
3823,双弯木模,Abstract Material,General,,528.79,528.79,528.79,528.79,1,CNY,105.76,0.2,1,1,Building works,详细工程报价（ΓΓΔΕ）,建筑工程,建筑工程 - 第38章
3821,简单弯曲的木模,Abstract Material,General,,430.13,430.13,430.13,430.13,1,CNY,64.52,0.15,1,1,Building works,详细工程报价（ΓΓΔΕ）,建筑工程,建筑工程 - 第38章
3816,混凝土表面开槽和凹槽的成型,Abstract Material,General,,127.85,127.85,127.85,127.85,1,CNY,19.18,0.15,1,1,Building works,详细工程报价（ΓΓΔΕ）,建筑工程,建筑工程 - 第38章
3801,模铸墙体模板,Abstract Material,General,,112.83,112.83,112.83,112.83,1,CNY,5.64,0.05,1,1,Building works,详细工程报价（ΓΓΔΕ）,建筑工程,建筑工程 - 第38章
1478,ΟΙΚ 1478,Abstract Material,General,,22.91,22.91,22.91,22.91,1,CNY,22.91,1.0,1,1,Building works,详细工程报价（ΓΓΔΕ）,建筑工程,建筑工程 - 第54章
279,网格金属覆层（金属覆层）手指孔，适用于天花板,Material,General,,27.46,27.46,27.46,27.46,1,CNY,29.65,1.08,1,1,Building works,详细工程报价（ΓΓΔΕ）,建筑工程,建筑工程 - 第64章
278,网格金属箔片 (金属德普洛亚) 孔径 10 χ 4 cm，厚度 3 mm,Material,General,,26.57,26.57,26.57,26.57,1,CNY,29.23,1.1,1,1,Building works,详细工程报价（ΓΓΔΕ）,建筑工程,建筑工程 - 第64章
276,钢筋卷材,Material,General,kg,4.94,4.94,4.94,4.94,1,CNY,28.88,5.85,1,1,Building works,详细工程报价（ΓΓΔΕ）,建筑工程,建筑工程 - 第62章
390,钢丝摩擦带,Material,General,m,9.67,9.67,9.67,9.67,1,CNY,20.31,2.1,1,1,Building works,详细工程报价（ΓΓΔΕ）,建筑工程,建筑工程 - 第62章
396.1,密封剂 1.40 kg 水泥比例降低材料 kg 0.77 防石材分离材料 kg 1.68 硬化剂 kg 0.98 凝固加速剂 kg 1.18 防冻材料 kg 1.58 混凝土表面保护材料，防干燥硬化 kg 3.80 基于硅酮的混凝土表面密封材料（液态） kg 5.12 基于环氧树脂的混凝土表面密封材料（液态） kg 6.91 弹性密封材料 kg 6.94 HYDROFOIL型或类似宽度150 mm的缝隙密封带 m 2.56 HYDROFOIL型或类似宽度250 mm的缝隙密封带 m 3.68 石棉型沥青材料 kg 1.77 膨胀聚苯乙烯,Material,General,m3,9.03,9.03,9.03,9.03,1,CNY,9.03,1.0,1,1,Hydraulic works,详细工程报价（ΓΓΔΕ）,水利工程,液压工程 - 第63章
6302,双曲面模模或扭曲表面模具,Abstract Material,General,,191.89,191.89,191.89,191.89,1,CNY,127.92,0.6667,1,1,Hydraulic works,详细工程报价（ΓΓΔΕ）,水利工程,液压工程 - 第63章
1505,ΟΙΚ 1505,Abstract Material,General,,1634.98,1634.98,1634.98,1634.98,1,CNY,5.4,0.0033,1,1,Building works,详细工程报价（ΓΓΔΕ）,建筑工程,第21章 建筑工程
2145,在各种岩石土壤中，无使用爆炸物,Abstract Material,General,,918.96,918.96,918.96,918.96,1,CNY,1194.64,1.3,1,1,Building works,详细工程报价（ΓΓΔΕ）,建筑工程,第21章 建筑工程
2143,在岩石土壤上，除花岗岩-碎屑岩外，可使用爆炸物。,Abstract Material,General,,672.67,672.67,672.67,672.67,1,CNY,874.48,1.3,1,1,Building works,详细工程报价（ΓΓΔΕ）,建筑工程,第21章 建筑工程
2128,在花岗岩-碎屑岩土壤中，无使用爆炸物,Abstract Material,General,,783.72,783.72,783.72,783.72,1,CNY,1018.84,1.3,1,1,Building works,详细工程报价（ΓΓΔΕ）,建筑工程,第21章 建筑工程
2122,在土壤-半岩土地段,Abstract Material,General,,281.46,281.46,281.46,281.46,1,CNY,365.9,1.3,1,1,Building works,详细工程报价（ΓΓΔΕ）,建筑工程,第21章 建筑工程
2121,OIK 2121,Abstract Material,General,,235.03,235.03,235.03,235.03,1,CNY,305.53,1.3,1,1,Building works,详细工程报价（ΓΓΔΕ）,建筑工程,第21章 建筑工程
2125,在岩石土壤中，除花岗岩-碎屑岩外,Abstract Material,General,,373.45,373.45,373.45,373.45,1,CNY,485.48,1.3,1,1,Building works,详细工程报价（ΓΓΔΕ）,建筑工程,第21章 建筑工程
352,法式螺丝钉 No 14,Material,General,件,7.31,7.31,7.31,7.31,1,CNY,21.92,3.0,1,1,Building works,详细工程报价（ΓΓΔΕ）,建筑工程,第14章 建筑工程
373,螺栓钉（木螺钉）20/35，装在144个装箱中。,Material,General,件,17.64,17.64,17.64,17.64,1,CNY,3.53,0.2,1,1,Building works,详细工程报价（ΓΓΔΕ）,建筑工程,第14章 建筑工程
375,嵌入式滚轮轴（轴承）木卷轴,Material,General,件,22.38,22.38,22.38,22.38,1,CNY,44.77,2.0,1,1,Building works,详细工程报价（ΓΓΔΕ）,建筑工程,第14章 建筑工程
371.1,"110 5,49 371.4 200 17,58 371.7 315 44,99 .2 140 8,70 .5 225 22,25 .8 355 57,17 .3 160 11,30 .6 280 34,96 .9 400",Material,General,,31.15,31.15,31.15,31.15,1,CNY,31.77,1.02,1,1,Hydraulic works,详细工程报价（ΓΓΔΕ）,水利工程,液压工程 - 第66章
361.1,"100 11,48 361.4 175 -- 361.7 300 73,90 361.10 450 - 361.13 700 - .2 125 15,30 .5 200 35,56 .8 350 - .11 500 - .14 800 - .3 150 19,28 .6 250 49,22 .9 400 - .12 600 - - ΥΔΡ 362. ΑΜΙΑΝΤΟΤΣΙΜΕΝΤΟΣΩΛΗΝΕΣ 额定压力",Material,General,,87.19,87.19,87.19,87.19,1,CNY,87.19,1.0,1,1,Hydraulic works,详细工程报价（ΓΓΔΕ）,水利工程,液压工程 - 第66章
360.1,石棉水泥管 kg .2 PVC管,Material,General,kg,0.0,0.0,0.0,0.0,0,CNY,0.0,1.0,1,1,Hydraulic works,详细工程报价（ΓΓΔΕ）,水利工程,液压工程 - 第66章
367.1,100 - 367.15 100 - 367.29 100 - 367.43 100 - .2 125 - .16 125 - .30 125 - .44 125 - .3 150 - .17 150 - .31 150 - .45 150 - .4 175 - .18 175 - .32 175 - .46 175 - .5 200 - .19 200 - .33 200 - .47 200 - .6 250 - .20 250 - .34 250 - .48 250 - .7 300 - .21 300 - .35 300 - .49 300 - .8 350 - .22 350 - .36 350 - .50 350 - .9 400 - .23 400 - .37 400 - .51 400 - .10 450 - .24 450 - .38 450 - .52 450 - .11 500 - .25 500 - .39 500 - .53 500 - .12 600 - .26 600 - .40 600 - .54 600 - .13 700 - .27 700 - .41 700 - .55 700 - .14 800 - .28 800 - .42 800 - .56 800 - ΥΔΡ 368. 纤维水泥管系列的地下管道,Material,General,,0.0,0.0,0.0,0.0,0,CNY,0.0,0.224,1,1,Hydraulic works,详细工程报价（ΓΓΔΕ）,水利工程,液压工程 - 第66章
366.1,100 - 366.8 350 - 366.15 100 - 366.22 350 - .2 125 - .9 400 - .16 125 - .23 400 - .3 150 - .10 450 - .17 150 - .24 450 - .4 175 - .11 500 - .18 175 - .25 500 - .5 200 - .12 600 - .19 200 - .26 600 - .6 250 - .13 700 - .20 250 - .27 700 - .7 300 - .14 800 - .21 300 - .28 800,Material,General,,0.0,0.0,0.0,0.0,0,CNY,0.0,1.02,1,1,Hydraulic works,详细工程报价（ΓΓΔΕ）,水利工程,液压工程 - 第66章
365.1,100 - 365.8 350 - 365.15 100 - 365.22 350 - .2 125 - .9 400 - .16 125 - .23 400 - .3 150 - .10 450 - .17 150 - .24 450 - .4 175 - .11 500 - .18 175 - .25 500 - .5 200 - .12 600 - .19 200 - .26 600 - .6 250 - .13 700 - .20 250 - .27 700 - .7 300 - .14 800 - .21 300 - .28 800 - ΥΔΡ 366. 纤维水泥管，额定压力为12.5和15 bar（MET）（D = 直径，单位为mm，T = 连接值，单位为€/m） 额定压力12.5 bar 额定压力,Material,General,,0.0,0.0,0.0,0.0,0,CNY,0.0,0.224,1,1,Hydraulic works,详细工程报价（ΓΓΔΕ）,水利工程,液压工程 - 第66章
364.1,100 - 364.4 175 - 364.7 300 - 364.10 450 - 364.13 700 - .2 125 - .5 200 - .8 350 - .11 500 - .14 800 - .3 150 - .6 250 - .9 400 - .12 600 - ΥΔΡ 365. ΣΥΝΔΕΣΜΟΙ ΑΠΟ ΑΜΙΑΝΤΟΤΣΙΜΕΝΤΟ ονομ. πιέσεως,Material,General,,0.0,0.0,0.0,0.0,0,CNY,0.0,1.02,1,1,Hydraulic works,详细工程报价（ΓΓΔΕ）,水利工程,液压工程 - 第66章
363.1,100 - 363.8 350 - 363.15 100 - 363.22 350 - .2 125 - .9 400 - .16 125 - .23 400 - .3 150 - .10 450 - .17 150 - .24 450 - .4 175 - .11 500 - .18 175 - .25 500 - .5 200 - .12 600 - .19 200 - .26 600 - .6 250 - .13 700 - .20 250 - .27 700 - .7 300 - .14 800 - .21 300 - .28 800 - ΥΔΡ 364. ΑΜΙΑΝΤΟΤΣΙΜΕΝΤΟΣΩΛΗΝΕΣ 额定压力,Material,General,,0.0,0.0,0.0,0.0,0,CNY,0.0,0.224,1,1,Hydraulic works,详细工程报价（ΓΓΔΕ）,水利工程,液压工程 - 第66章
362.1,100 - 362.4 175 - 362.7 300 - 362.10 450 - 362.13 700 - .2 125 - .5 200 - .8 350 - .11 500 - 800 - .14 .3 150 - .6 250 - .9 400 - .12 600,Material,General,,0.0,0.0,0.0,0.0,0,CNY,0.0,1.02,1,1,Hydraulic works,详细工程报价（ΓΓΔΕ）,水利工程,液压工程 - 第66章
230,拉布泰木材条，宽度4至7厘米，净厚至少22毫米，长度至少40厘米，国产,Material,General,m2,0.0,0.0,0.0,0.0,0,CNY,0.0,1.05,1,1,Building works,详细工程报价（ΓΓΔΕ）,建筑工程,建筑工程 - 第53章
229,菊木木材的拉米贝带，宽度为4至7厘米，净厚至少22毫米，长度至少40厘米，国产,Material,General,m2,0.0,0.0,0.0,0.0,0,CNY,0.0,1.05,1,1,Building works,详细工程报价（ΓΓΔΕ）,建筑工程,建筑工程 - 第53章
293,网格钢板（含相应的小料）,Material,General,m2,0.0,0.0,0.0,0.0,0,CNY,0.0,1.1,1,1,Building works,详细工程报价（ΓΓΔΕ）,建筑工程,建筑工程 - 第61章
280,镀锌钢板角码,Material,General,m,7.38,7.38,7.38,7.38,1,CNY,7.75,1.05,1,1,Building works,详细工程报价（ΓΓΔΕ）,建筑工程,建筑工程 - 第61章
521,贴面胶,Material,General,kg,15.87,15.87,15.87,15.87,1,CNY,3.97,0.25,1,1,Building works,详细工程报价（ΓΓΔΕ）,建筑工程,建筑工程 - 第56章
225,菲诺普拉斯蒂卡薄片（贴面纸）国产,Material,General,m2,25.8,25.8,25.8,25.8,1,CNY,28.37,1.1,1,1,Building works,详细工程报价（ΓΓΔΕ）,建筑工程,建筑工程 - 第56章
537,塑料防滑手柄，宽度50毫米，颜色不限,Material,General,m,10.96,10.96,10.96,10.96,1,CNY,11.51,1.05,1,1,Building works,详细工程报价（ΓΓΔΕ）,建筑工程,建筑工程 - 第55章
4623.2,OIK 4623.2,Abstract Material,General,,303.37,303.37,303.37,303.37,1,CNY,303.37,1.0,1,1,Building works,详细工程报价（ΓΓΔΕ）,建筑工程,第46章 建筑工程
4623.1,ΟΙΚ 4623.1,Abstract Material,General,,297.42,297.42,297.42,297.42,1,CNY,297.42,1.0,1,1,Building works,详细工程报价（ΓΓΔΕ）,建筑工程,第46章 建筑工程
1473,ΟΙΚ 1473,Abstract Material,General,,77.13,77.13,77.13,77.13,1,CNY,77.13,1.0,1,1,Building works,详细工程报价（ΓΓΔΕ）,建筑工程,建筑工程 - 第54章
240,从美国进口的木材边角料（沙包板），宽度为5至8厘米，厚度至少12毫米，长度至少2米,Material,General,m,9.03,9.03,9.03,9.03,1,CNY,9.57,1.06,1,1,Building works,详细工程报价（ΓΓΔΕ）,建筑工程,建筑工程 - 第53章
127,蜂窝式混凝土砖，重量为300或400 kg/m3，任何尺寸,Material,General,m3,523.77,523.77,523.77,523.77,1,CNY,549.96,1.05,1,1,Building works,详细工程报价（ΓΓΔΕ）,建筑工程,建筑工程 - 第38章
259,钢筋预应力锚固件,Material,General,件,163.61,163.61,163.61,163.61,1,CNY,163.61,1.0,1,1,Building works,详细工程报价（ΓΓΔΕ）,建筑工程,建筑工程 - 第38章
258,高强度预应力钢筋（线材）,Material,General,kg,50.43,50.43,50.43,50.43,1,CNY,73.12,1.45,1,1,Building works,详细工程报价（ΓΓΔΕ）,建筑工程,建筑工程 - 第38章
6404,ΥΔΡ 6404,Abstract Material,General,,362.88,362.88,362.88,362.88,1,CNY,362.88,1.0,1,1,Hydraulic works,详细工程报价（ΓΓΔΕ）,水利工程,液压工程 - 第64章
377.1,500 - 377.4 800 - 377.7 1100 - .2 700 - .5 900 - .8 1200 - .3 600 - .6 1000 - .9 1300 - ΥΔΡ 378. ΔΙΚΛΕΙΔΕΣ ΣΥΡΤΑΡΩΤΕΣ ΜΕ ΩΤΙΔΕΣ ονομαστικής πιέσεως,Material,General,,0.0,0.0,0.0,0.0,0,CNY,0.0,1.0,1,1,Hydraulic works,详细工程报价（ΓΓΔΕ）,水利工程,液压工程 - 第66章
376.12,"400 6,3 88,96 376.16 700 7,1 176,88 376.20 1100 11,0 400,99 .13 450 6,3 98,96 .17 800 8,0 224,52 .21 1200 12,5 487,60 .14 500 6,3 109,782 .18 900 10,0 302,64 .22 1300 12,5 528,60 .15 600 6,3 140,65 .19 1000 10,0 336,58 ΥΔΡ 377. ΣΩΛΗΝΕΣ ΠΡΟΕΝΤΕΤΑΜΕΝΟΥ ΣΚΥΡΟΔΕΜΑΤΟΣ μεγίστης ονομαστικής πιέσεως",Material,General,,590.71,590.71,590.71,590.71,1,CNY,590.71,1.0,1,1,Hydraulic works,详细工程报价（ΓΓΔΕ）,水利工程,液压工程 - 第66章
373.1,"110 12,87 373.4 200 41,41 373.7 315 105,15 .2 140 20,31 .5 225 52,09 .8 355 133,45 .3 160 26,49 .6 280 82,68 .9 400 169,39 ΥΔΡ 374. 塑料管道系列的地下管道",Material,General,,72.94,72.94,72.94,72.94,1,CNY,74.39,1.02,1,1,Hydraulic works,详细工程报价（ΓΓΔΕ）,水利工程,液压工程 - 第66章
372.1,"110 8,65 372.4 200 27,62 372.7 315 70,33 .2 140 13,61 .5 225 35,14 .8 355 89,42 .3 160 17,84 .6 280 55,38 .9 400 113,19 PVC塑料管，额定压力",Material,General,,49.01,49.01,49.01,49.01,1,CNY,49.99,1.02,1,1,Hydraulic works,详细工程报价（ΓΓΔΕ）,水利工程,液压工程 - 第66章
455,100%粉末状矿物粉末,Material,General,kg,19.93,19.93,19.93,19.93,1,CNY,14.55,0.73,1,1,Building works,详细工程报价（ΓΓΔΕ）,建筑工程,第14章 建筑工程
487,防水彩涂料胶粘剂,Material,General,kg,89.53,89.53,89.53,89.53,1,CNY,3.58,0.04,1,1,Building works,详细工程报价（ΓΓΔΕ）,建筑工程,第14章 建筑工程
356,旋转式门,Material,General,件,4.27,4.27,4.27,4.27,1,CNY,8.53,2.0,1,1,Building works,详细工程报价（ΓΓΔΕ）,建筑工程,第14章 建筑工程
7016.1,ΥΔΡ 7016.1,Abstract Material,General,,508.25,508.25,508.25,508.25,1,CNY,508.25,1.0,1,1,Hydraulic works,详细工程报价（ΓΓΔΕ）,水利工程,液压工程 - 第70章
7008,边坡保护用巨石，材料可从任何距离运输,Abstract Material,General,,129.04,129.04,129.04,129.04,1,CNY,129.04,1.0,1,1,Hydraulic works,详细工程报价（ΓΓΔΕ）,水利工程,液压工程 - 第70章
7007,ΥΔΡ 7007,Abstract Material,General,,73.87,73.87,73.87,73.87,1,CNY,81.26,1.1,1,1,Hydraulic works,详细工程报价（ΓΓΔΕ）,水利工程,液压工程 - 第70章
397.1,"混凝土围栏桩，长度1,90 m，断面Φ 7/9,5，6,78 .2 不锈钢便携锁，6,32 .4 柴火",Material,General,kg,45.46,45.46,45.46,45.46,1,CNY,95.47,2.1,1,1,Hydraulic works,详细工程报价（ΓΓΔΕ）,水利工程,液压工程 - 第68章
6324,ΥΔΡ 6324,Abstract Material,General,,708.84,708.84,708.84,708.84,1,CNY,177.21,0.25,1,1,Hydraulic works,详细工程报价（ΓΓΔΕ）,水利工程,液压工程 - 第68章
237.1,铸铁本地管道支架箱,Material,General,kg,8.9,8.9,8.9,8.9,1,CNY,8.9,1.0,1,1,Hydraulic works,详细工程报价（ΓΓΔΕ）,水利工程,液压工程 - 第67章
6741.1,水务 6741.1,Abstract Material,General,,0.0,0.0,0.0,0.0,0,CNY,0.0,1.0,1,1,Hydraulic works,详细工程报价（ΓΓΔΕ）,水利工程,液压工程 - 第67章
6740.1,ΥΔΡ 6740.1,Abstract Material,General,,0.0,0.0,0.0,0.0,0,CNY,0.0,1.0,1,1,Hydraulic works,详细工程报价（ΓΓΔΕ）,水利工程,液压工程 - 第67章
375.8,"200-160 12,59 375.13 160 10,98 375.14 200-160 18,93 .9 250-160 16,19 .10 315-160 21,78 .11 355-160 29,50 .12 400-160",Material,General,,71.32,71.32,71.32,71.32,1,CNY,74.89,1.05,1,1,Hydraulic works,详细工程报价（ΓΓΔΕ）,水利工程,液压工程 - 第67章
375.1,"160 9,20 375.4 315 36,38 375.7 500 95,04 46,27 .2 200 14,41 .5 355 58,62 .3 250 22,47 .6 400 ΥΔΡ 375 β, γ, δ. ΕΞΑΡΤΗΜΑΤΑ ΓΙΑ ΠΛΑΣΤΙΚΟΥΣ ΣΩΛΗΝΕΣ ΥΠΟΝΟΜΩΝ της σειράς",Material,General,,52.17,52.17,52.17,52.17,1,CNY,53.21,1.02,1,1,Hydraulic works,详细工程报价（ΓΓΔΕ）,水利工程,液压工程 - 第67章
374.1,250 - 374.4 400 - 374.7 630 - .2 315 - .5 450 - .8 710 - .3 355 - .6 500 - ΥΔΡ 375α. 塑料管道系列的地下管道,Material,General,,0.0,0.0,0.0,0.0,0,CNY,0.0,1.02,1,1,Hydraulic works,详细工程报价（ΓΓΔΕ）,水利工程,液压工程 - 第67章
370.1,200/150 - 370.9 200/150 - 370.17 200/150 - .2 250/150 - .10 250/150 - .18 250/150 - .3 300/150 - .11 300/150 - .19 300/150 - .4 350/150 - .12 350/150 - .20 350/150 - .5 400/150 - .13 400/150 - .21 400/150 - .6 450/150 - .14 450/150 - .22 450/150 - .7 500/150 - .15 500/150 - .23 500/150,Material,General,,0.0,0.0,0.0,0.0,0,CNY,0.0,1.0,1,1,Hydraulic works,详细工程报价（ΓΓΔΕ）,水利工程,液压工程 - 第67章
4661.2,ΟΙΚ 4661.2,Abstract Material,General,,131.13,131.13,131.13,131.13,1,CNY,131.13,1.0,1,1,Building works,详细工程报价（ΓΓΔΕ）,建筑工程,建筑工程 - 第48章
4661.1,ΟΙΚ 4661.1,Abstract Material,General,,129.4,129.4,129.4,129.4,1,CNY,129.4,1.0,1,1,Building works,详细工程报价（ΓΓΔΕ）,建筑工程,建筑工程 - 第48章
228,由橡木木材制成的拉丝带，宽度为4至7 cm，净厚度至少为22 mm，长度至少为40 cm，产自斯洛文尼亚,Material,General,,225.71,225.71,225.71,225.71,1,CNY,236.99,1.05,1,1,Building works,详细工程报价（ΓΓΔΕ）,建筑工程,建筑工程 - 第53章
488,科洛弗尼奥,Material,General,kg,35.47,35.47,35.47,35.47,1,CNY,19.15,0.54,1,1,Building works,详细工程报价（ΓΓΔΕ）,建筑工程,建筑工程 - 第51章
369.1,200 - 369.11 200 - 369.21 200 - .2 250 - .12 250 - .22 250 - .3 300 - .13 300 - .23 300 - .4 350 - .14 350 - .24 350 - .5 400 - .15 400 - .25 400 - .6 450 - .16 450 - .26 450 - .7 500 - .17 500 - .27 500 - .8 600 - .18 600 - .28 600 - .9 700 - .19 700 - .29 700 - .10 800 - .20 800 - .30 800 - ΥΔΡ 370. ΕΙΔΙΚΑ ΤΕΜΑΧΙΑ ΑΠΟ ΑΜΙΑΝΤΟΤΣΙΜΕΝΤΟ για αμιαντοτσιμεντοσωλήνες υπονόμων της σειράς,Material,General,,0.0,0.0,0.0,0.0,0,CNY,0.0,0.224,1,1,Hydraulic works,详细工程报价（ΓΓΔΕ）,水利工程,液压工程 - 第67章
368.1,200 - 368.11 200 - 368.21 200 - .2 250 - .12 250 - .22 250 - .3 300 - .13 300 - .23 300 - .4 350 - .14 350 - .24 350 - .5 400 - .15 400 - .25 400 - .6 450 - .16 450 - .26 450 - .7 500 - .17 500 - .27 500 - .8 600 - .18 600 - .28 600 - .9 700 - .19 700 - .29 700 - .10 800 - .20 800 - .30 800,Material,General,,0.0,0.0,0.0,0.0,0,CNY,0.0,1.02,1,1,Hydraulic works,详细工程报价（ΓΓΔΕ）,水利工程,液压工程 - 第67章
358,玻璃幕墙可浸泡式螺栓，无手柄,Material,General,件,21.53,21.53,21.53,21.53,1,CNY,21.53,1.0,1,1,Building works,详细工程报价（ΓΓΔΕ）,建筑工程,第14章 建筑工程
7017.5,爆炸性混凝土应用于地下工程之外,Abstract Material,General,,216.49,216.49,216.49,216.49,1,CNY,216.49,1.0,1,1,Hydraulic works,详细工程报价（ΓΓΔΕ）,水利工程,液压工程 - 第70章
7017.2,爆炸性混凝土应用于地下工程之外,Abstract Material,General,,93.12,93.12,93.12,93.12,1,CNY,93.12,1.0,1,1,Hydraulic works,详细工程报价（ΓΓΔΕ）,水利工程,液压工程 - 第70章
7017.1,爆炸性混凝土应用于地下工程之外,Abstract Material,General,,508.25,508.25,508.25,508.25,1,CNY,508.25,1.0,1,1,Hydraulic works,详细工程报价（ΓΓΔΕ）,水利工程,液压工程 - 第70章
7016.7,ΥΔΡ 7016.7,Abstract Material,General,,503.7,503.7,503.7,503.7,1,CNY,503.7,1.0,1,1,Hydraulic works,详细工程报价（ΓΓΔΕ）,水利工程,液压工程 - 第70章
7016.6,ΥΔΡ 7016.6,Abstract Material,General,,246.98,246.98,246.98,246.98,1,CNY,246.98,1.0,1,1,Hydraulic works,详细工程报价（ΓΓΔΕ）,水利工程,液压工程 - 第70章
7016.8,ΥΔΡ 7016.8,Abstract Material,General,,653.31,653.31,653.31,653.31,1,CNY,653.31,1.0,1,1,Hydraulic works,详细工程报价（ΓΓΔΕ）,水利工程,液压工程 - 第70章
357,德国外壳螺母 No 12,Material,General,件,9.29,9.29,9.29,9.29,1,CNY,37.18,4.0,1,1,Building works,详细工程报价（ΓΓΔΕ）,建筑工程,第14章 建筑工程
4612.2,OIK 4612.2,Abstract Material,General,,0.0,0.0,0.0,0.0,0,CNY,0.0,1.0,1,1,Building works,详细工程报价（ΓΓΔΕ）,建筑工程,第46章 建筑工程
4612.1,OIK 4612.1,Abstract Material,General,,0.0,0.0,0.0,0.0,0,CNY,0.0,1.0,1,1,Building works,详细工程报价（ΓΓΔΕ）,建筑工程,第46章 建筑工程
4602.2,OIK 4602.2,Abstract Material,General,,0.0,0.0,0.0,0.0,0,CNY,0.0,1.0,1,1,Building works,详细工程报价（ΓΓΔΕ）,建筑工程,第46章 建筑工程
4602.1,OIK 4602.1,Abstract Material,General,,0.0,0.0,0.0,0.0,0,CNY,0.0,1.0,1,1,Building works,详细工程报价（ΓΓΔΕ）,建筑工程,第46章 建筑工程
491,沥青,Material,General,kg,3.48,3.48,3.48,3.48,1,CNY,4.39,1.26,1,1,Building works,详细工程报价（ΓΓΔΕ）,建筑工程,建筑工程 - 第51章
483,柴火,Material,General,kg,1.08,1.08,1.08,1.08,1,CNY,1.94,1.8,1,1,Building works,详细工程报价（ΓΓΔΕ）,建筑工程,建筑工程 - 第51章
132,耐火砖，尺寸 23 χ 11 χ 6 厘米，国产,Material,General,件,5.67,5.67,5.67,5.67,1,CNY,3518.46,620.0,1,1,Building works,详细工程报价（ΓΓΔΕ）,建筑工程,建筑工程 - 第48章
7016.2,ΥΔΡ 7016.2,Abstract Material,General,,168.73,168.73,168.73,168.73,1,CNY,168.73,1.0,1,1,Hydraulic works,详细工程报价（ΓΓΔΕ）,水利工程,液压工程 - 第70章
7016.3,ΥΔΡ 7016.3,Abstract Material,General,,146.31,146.31,146.31,146.31,1,CNY,146.31,1.0,1,1,Hydraulic works,详细工程报价（ΓΓΔΕ）,水利工程,液压工程 - 第70章
359,Φ3装载机,Equipment,General,HΜ,627.4,627.4,627.4,627.4,1,CNY,627.4,1.0,1,1,Marine / port works,详细工程报价（ΓΓΔΕ）,海洋/港口工程,海洋 / 港口工程 - 第50章
358,Φ2吊车,Equipment,General,HΜ,302.64,302.64,302.64,302.64,1,CNY,302.64,1.0,1,1,Marine / port works,详细工程报价（ΓΓΔΕ）,海洋/港口工程,海洋 / 港口工程 - 第50章
357,直径146 mm、深度100 m的旋转式地质钻机，适用于钻探岩石土壤。,Equipment,General,HΜ,1503.08,1503.08,1503.08,1503.08,1,CNY,1503.08,1.0,1,1,Marine / port works,详细工程报价（ΓΓΔΕ）,海洋/港口工程,海洋 / 港口工程 - 第50章
356,直径146 mm、深度100 m的旋转式地质钻机，适用于钻探岩石土壤。,Equipment,General,HΜ,313.73,313.73,313.73,313.73,1,CNY,313.73,1.0,1,1,Marine / port works,详细工程报价（ΓΓΔΕ）,海洋/港口工程,海洋 / 港口工程 - 第50章
385,"""B""型灌溉取水井 SCHLUMBERGER 或类似",Material,Wood & Timber,,1269.77,1269.77,1269.77,1269.77,1,CNY,1269.77,1.0,1,1,Marine / port works,详细工程报价（ΓΓΔΕ）,海洋/港口工程,海洋 / 港口工程 - 第50章
355,直径146 mm、深度100 m的旋转式地质钻机，适用于钻探岩石土壤。,Equipment,General,HΜ,1911.68,1911.68,1911.68,1911.68,1,CNY,1911.68,1.0,1,1,Marine / port works,详细工程报价（ΓΓΔΕ）,海洋/港口工程,海洋 / 港口工程 - 第50章
354,直径146 mm、深度100 m的旋转式地质钻机，适用于钻探岩石土壤。,Equipment,General,HΜ,3822.26,3822.26,3822.26,3822.26,1,CNY,3822.26,1.0,1,1,Marine / port works,详细工程报价（ΓΓΔΕ）,海洋/港口工程,海洋 / 港口工程 - 第50章
353,直径146 mm、深度100 m的旋转式地质钻机，适用于钻探岩石土壤。,Equipment,General,HΜ,2913.37,2913.37,2913.37,2913.37,1,CNY,2913.37,1.0,1,1,Marine / port works,详细工程报价（ΓΓΔΕ）,海洋/港口工程,海洋 / 港口工程 - 第50章
352,直径146 mm、深度100 m的旋转式地质钻机，适用于钻探岩石土壤。,Equipment,General,HΜ,2473.56,2473.56,2473.56,2473.56,1,CNY,2473.56,1.0,1,1,Marine / port works,详细工程报价（ΓΓΔΕ）,海洋/港口工程,海洋 / 港口工程 - 第50章
351,直径146 mm、深度100 m的旋转式地质钻机，适用于钻探岩石土壤。,Equipment,General,HΜ,2913.37,2913.37,2913.37,2913.37,1,CNY,2913.37,1.0,1,1,Marine / port works,详细工程报价（ΓΓΔΕ）,海洋/港口工程,海洋 / 港口工程 - 第50章
620.1,"高压瓷器马桶，""欧洲""（坐式）类型",Material,General,件,470.76,470.76,470.76,470.76,1,CNY,470.76,1.0,1,1,Electromechanical works,详细工程报价（ΓΓΔΕ）,机电工程,机电工程 - 第14章
603.3,抽屉式阀门（闸阀），青铜材质，直径1英寸，数量4.89 605.3.5 抽屉式阀门（闸阀），锥形，铸铁，适用于供热系统，额定压力10 atm，直径100 mm，数量136.00 619.2.2 热水-冷水混合器（龙头），用于洗脸盆，直径1/2英寸,Material,General,件,36.44,36.44,36.44,36.44,1,CNY,37.53,1.03,1,1,Electromechanical works,详细工程报价（ΓΓΔΕ）,机电工程,机电工程 - 第11章
561,水管用铅管 kg 1.90,Material,General,,13.09,13.09,13.09,13.09,1,CNY,69.64,5.32,1,1,Electromechanical works,详细工程报价（ΓΓΔΕ）,机电工程,机电工程 - 第2章
647.2,"塑料马桶座，带白色盖，单件17,40 660.1.1 全型粉末灭火器，便携式，容量3 kg",Material,General,件,122.53,122.53,122.53,122.53,1,CNY,122.53,1.0,1,1,Electromechanical works,详细工程报价（ΓΓΔΕ）,机电工程,机电工程 - 第18章
